,volkja-proz,titel_kurz_d,titel_kurz_e,ja-lager,swissvoteslink,year,titel EN
34,20.6,Pensionsgesetz,Pension Act,0.0,https://swissvotes.ch/vote/35.00,1891,Pension Act
35,60.28,Einführung der Volksinitiative zur Teilrevision der Bundesverfassung,Introduction of the popular initiative for the partial revision of the Federal Constitution,3.56,https://swissvotes.ch/vote/36.00,1891,Introduction of the popular initiative for the partial revision of the Federal Constitution
36,59.35,Banknotenmonopol,Banknote monopoly ,3.56,https://swissvotes.ch/vote/37.00,1891,Banknote monopoly 
37,58.06,Zolltarifgesetz,Customs tariff Act,0.0,https://swissvotes.ch/vote/38.00,1891,Customs tariff Act
38,31.12,Rückkauf der Centralbahn,Buyback of the Swiss Central Railway,0.0,https://swissvotes.ch/vote/39.00,1891,Buyback of the Swiss Central Railway
39,60.11,Initiative für ein Schächtverbot,Initiative to ban slaughter without stunning,0.0,https://swissvotes.ch/vote/40.00,1893,Initiative to ban slaughter without stunning
40,46.13,Bundeskompetenz für das Gewerbewesen,Federal competence for trade and commerce,47.64,https://swissvotes.ch/vote/41.00,1894,Federal competence for trade and commerce
41,19.75,Initiative «zur Gewährleistung des Rechts auf Arbeit»,Initiative for a right to work ,5.89,https://swissvotes.ch/vote/42.00,1894,Initiative for a right to work 
42,29.32,Zollinitiative,Customs revenue initiative,0.0,https://swissvotes.ch/vote/43.00,1894,Customs revenue initiative
43,41.16,Gesandtschaftsgesetz,Act on the representation of Switzerland abroad,41.75,https://swissvotes.ch/vote/44.00,1895,Act on the representation of Switzerland abroad
44,43.23,Zündhölzchenmonopol,Monopoly on matches,47.64,https://swissvotes.ch/vote/45.00,1895,Monopoly on matches
45,41.98,Revision der Verfassungsartikel zum Militär,Revision of the constitutional articles on the military,41.75,https://swissvotes.ch/vote/46.00,1895,Revision of the constitutional articles on the military
46,45.54,Viehhandelsgesetz,Livestock trade Act,41.75,https://swissvotes.ch/vote/47.00,1896,Livestock trade Act
47,55.83,Gesetz über das Rechnungswesen der Eisenbahnen,Railway accounting Act,47.64,https://swissvotes.ch/vote/48.00,1896,Railway accounting Act
48,19.88,Disciplinarstrafordnung der Armee,Disciplinary Code for the Swiss Armed Forces,41.75,https://swissvotes.ch/vote/49.00,1896,Disciplinary Code for the Swiss Armed Forces
49,43.33,Gesetz über die Errichtung der schweizerischen Bundesbank,Act on the establishment of the Swiss Federal Bank,50.54,https://swissvotes.ch/vote/50.00,1897,Act on the establishment of the Swiss Federal Bank
50,63.54,Bundeskompetenz bei der Wasserbau- und Forstpolizei,,50.54,https://swissvotes.ch/vote/51.00,1897,Federal competence in the hydraulic engineering and forestry police
51,65.11,Bundeskompetenz für die Lebensmittelpolizei,,43.73,https://swissvotes.ch/vote/52.00,1897,Federal competence for the food police
52,67.91,Gesetz über die schweizerischen Bundesbahnen,,50.54,https://swissvotes.ch/vote/53.00,1898,Law on the Swiss Federal Railways
53,72.25,Vereinheitlichung des Zivilrechts,,50.54,https://swissvotes.ch/vote/54.00,1898,Unification of civil law
54,72.37,Vereinheitlichung des Strafrechts,,50.54,https://swissvotes.ch/vote/55.00,1898,Unification of criminal law
55,30.21,"Gesetz zur Kranken-, Unfall- und Militärversicherung",,54.46,https://swissvotes.ch/vote/56.00,1900,"Law on health, accident and military insurance"
56,40.86,Initiative «für die Proporzwahl des Nationalrates»,,9.62,https://swissvotes.ch/vote/57.00,1900,Initiative “for proportional representation of the National Council”
57,35.04,Initiative für die Volkswahl des Bundesrates,,9.62,https://swissvotes.ch/vote/58.00,1900,Initiative for the popular election of the Federal Council
58,76.27,Unterstützung der Primarschule durch den Bund,,58.11,https://swissvotes.ch/vote/59.00,1902,Federal support for primary schools
59,59.59,Zolltarifgesetz,,45.51,https://swissvotes.ch/vote/60.00,1903,Customs Tariff Act
60,30.83,Bundesstrafrecht (Anstiftung Militärpflichtiger zu Verbrechen),,45.51,https://swissvotes.ch/vote/61.00,1903,Federal criminal law (incitement of military personnel to commit crimes)
61,24.38,Initiative «für die Wahl des Nationalrates aufgrund der Schweizer Wohnbevölkerung»,,0.0,https://swissvotes.ch/vote/62.00,1903,Initiative “for the election of the National Council based on the Swiss resident population”
62,40.73,Artikel über die Regulierung des Alkoholhandels,,45.51,https://swissvotes.ch/vote/63.00,1903,Article on the regulation of the alcohol trade
63,70.35,Ausdehnung des Erfinderschutzes,,45.51,https://swissvotes.ch/vote/64.00,1905,Extension of inventor protection
64,62.58,Lebensmittelgesetz,,44.31,https://swissvotes.ch/vote/65.00,1906,Food Law
65,55.22,Militärorganisation der schweizerischen Eidgenossenschaft,,44.31,https://swissvotes.ch/vote/66.00,1907,Military organization of the Swiss Confederation
66,71.52,Verfassungsartikel zur Gesetzgebung über das Gewerbewesen,,58.97,https://swissvotes.ch/vote/67.00,1908,Constitutional article on legislation on trade
67,63.48,Initiative «für ein Absinthverbot»,,14.66,https://swissvotes.ch/vote/68.00,1908,Initiative “for a ban on absinthe”
68,84.43,Verfassungsartikel über die Wasserkraft und Elektrizität,,62.56,https://swissvotes.ch/vote/69.00,1908,Constitutional articles on hydropower and electricity
69,47.54,Initiative «für die Proporzwahl des Nationalrates»,,17.58,https://swissvotes.ch/vote/70.00,1910,Initiative “for proportional representation of the National Council”
70,54.36,Kranken- und Unfallversicherungsgesetz,,64.67,https://swissvotes.ch/vote/71.00,1912,Health and Accident Insurance Act
71,60.32,Bekämpfung menschlicher und tierischer Krankheiten,,64.67,https://swissvotes.ch/vote/72.00,1913,Fighting human and animal diseases
72,62.35,Schaffung eines Verwaltungsgerichts,,81.9,https://swissvotes.ch/vote/73.00,1914,Creation of an administrative court
73,94.27,Verfassungsgrundlage für eine einmalige Kriegssteuer,,89.29,https://swissvotes.ch/vote/74.00,1915,Constitutional basis for a one-time war tax
74,53.16,Stempelabgaben,,81.9,https://swissvotes.ch/vote/75.00,1917,Stamp duties
75,45.93,Initiative für eine direkte Bundessteuer,,30.77,https://swissvotes.ch/vote/76.00,1918,Initiative for a direct federal tax
76,66.78,Initiative «für die Proporzwahl des Nationalrates»,,51.59,https://swissvotes.ch/vote/77.00,1918,Initiative “for proportional representation of the National Council”
77,83.61,Artikel über die Schifffahrt,,52.74,https://swissvotes.ch/vote/78.00,1919,Articles about shipping
78,65.07,Verfassungsgrundlage für eine ausserordentliche Kriegssteuer,,83.5,https://swissvotes.ch/vote/79.00,1919,Constitutional basis for an extraordinary war tax
79,71.59,Übergangsbestimmungen für vorgezogene Wahlen in den National- und Bundesrat,,52.74,https://swissvotes.ch/vote/80.00,1919,Transitional provisions for early elections to the National and Federal Councils
80,49.81,Gesetz zur Ordnung des Arbeitsverhältnisses,,52.31,https://swissvotes.ch/vote/81.00,1920,Law regulating the employment relationship
81,55.3,Initiative für ein Verbot der Spielbanken,,23.46,https://swissvotes.ch/vote/82.10,1920,Initiative for a ban on casinos
82,24.49,Gegenentwurf zur Initiative für ein Verbot der Spielbanken,,0.0,https://swissvotes.ch/vote/82.20,1920,Counter-proposal to the initiative to ban casinos
83,56.29,Beitritt zum Völkerbund,,65.15,https://swissvotes.ch/vote/83.00,1920,Joining the League of Nations
84,57.12,Gesetz zur Arbeitszeit bei den Eisenbahnen,,73.28,https://swissvotes.ch/vote/84.00,1920,Law on working hours on the railways
85,71.36,Initiative für ein Staatsvertragsreferendum,,59.76,https://swissvotes.ch/vote/85.00,1921,Initiative for a state treaty referendum
86,33.57,Initiative «für die Aufhebung der Militärjustiz»,,23.46,https://swissvotes.ch/vote/86.00,1921,Initiative “for the abolition of military justice”
87,59.77,Artikel über den Automobil- und Fahrradverkehr,,44.18,https://swissvotes.ch/vote/87.00,1921,Articles about automobile and bicycle traffic
88,62.19,Artikel über die Luftschiffahrt,,44.18,https://swissvotes.ch/vote/88.00,1921,Articles about air shipping
89,15.91,Initiative «betreffend die Erlangung des Schweizerbürgerrechts»,,0.0,https://swissvotes.ch/vote/89.00,1922,Initiative “concerning the acquisition of Swiss citizenship”
90,38.08,Initiative «betreffend die Ausweisung von Ausländern»,,15.33,https://swissvotes.ch/vote/90.00,1922,Initiative “concerning the expulsion of foreigners”
91,38.35,Initiative «betreffend die Wählbarkeit der Bundesbeamten in den Nationalrat»,,23.46,https://swissvotes.ch/vote/91.00,1922,Initiative “concerning the eligibility of federal civil servants to the National Council”
92,44.63,Strafrechtsrevision (innere Sicherheit und bedingter Strafvollzug),,65.15,https://swissvotes.ch/vote/92.00,1922,Criminal law revision (internal security and conditional prison sentences)
93,12.96,Initiative für eine einmalige Vermögensabgabe,,23.28,https://swissvotes.ch/vote/93.00,1922,Initiative for a one-off wealth levy
94,11.01,Schutzhaft-Initiative,,0.0,https://swissvotes.ch/vote/94.00,1923,Protective Custody Initiative
95,18.48,Abkommen mit Frankreich betreffend Hochsavoyen,,16.12,https://swissvotes.ch/vote/95.00,1923,Agreement with France regarding High Savoy
96,26.77,Zollinitiative,,23.28,https://swissvotes.ch/vote/96.00,1923,Zollinitiative
97,42.16,Bundesbeschluss zum Alkoholwesen,,88.69,https://swissvotes.ch/vote/97.00,1923,Federal Decree on Alcohol
98,42.37,Fabrikgesetz,,65.41,https://swissvotes.ch/vote/98.00,1924,Factories Act
99,42.0,Initiative für eine AHV/IV,,24.14,https://swissvotes.ch/vote/99.00,1925,Initiative for an AHV/IV
100,62.21,Beschluss betreffend Aufenthalt und Niederlassung der Ausländer,,63.93,https://swissvotes.ch/vote/100.00,1925,Decision regarding the residence and settlement of foreigners
101,65.39,Bundesbeschluss betreffend eine AHV/IV,,90.71,https://swissvotes.ch/vote/101.00,1925,Federal resolution regarding AHV/IV
102,49.62,Artikel zur Getreideversorgung,,68.87,https://swissvotes.ch/vote/102.00,1926,Grain supply items
103,62.64,Entschädigung an Kantone für Alpenstrassen,,62.01,https://swissvotes.ch/vote/103.00,1927,Compensation to cantons for Alpine roads
104,40.14,Gesetz über den Automobil- und Fahrradverkehr,,63.93,https://swissvotes.ch/vote/104.00,1927,Law on automobile and bicycle traffic
105,70.68,Massnahmen gegen die Überfremdung,,89.78,https://swissvotes.ch/vote/105.00,1928,Measures against foreign infiltration
106,51.92,Initiative für die Erhaltung der Kursäle,,15.78,https://swissvotes.ch/vote/106.00,1928,Initiative for the preservation of the course halls
107,2.68,Initiative zur Getreideversorgung,,15.78,https://swissvotes.ch/vote/107.10,1929,Grain Supply Initiative
108,66.79,Gegenentwurf zur Initiative zur Getreideversorgung,,27.36,https://swissvotes.ch/vote/107.20,1929,Counter-proposal to the grain supply initiative
109,66.42,Zolltarifgesetz,,64.58,https://swissvotes.ch/vote/108.00,1929,Customs Tariff Act
110,37.15,Initiative «betreffend die Gesetzgebung über den Strassenverkehr»,,0.0,https://swissvotes.ch/vote/109.00,1929,Initiative “concerning legislation on road traffic”
111,32.65,Initiative «für ein Branntweinverbot»,,27.36,https://swissvotes.ch/vote/110.00,1929,Initiative “for a spirits ban”
112,60.58,Neuregelung des Alkoholwesens,,91.94,https://swissvotes.ch/vote/111.00,1930,New regulation of the alcohol system
113,70.19,Ordensverbot,,64.58,https://swissvotes.ch/vote/112.00,1931,Order ban
114,53.88,Beschluss über die Mitgliederzahl des Nationalrates,,37.22,https://swissvotes.ch/vote/113.00,1931,Decision on the number of members of the National Council
115,53.7,"Amtsdauer des Nationalrats, des Bundesrats und des Bundeskanzlers",,37.22,https://swissvotes.ch/vote/114.00,1931,"Term of office of the National Council, the Federal Council and the Federal Chancellor"
116,39.7,Gesetz über die AHV,,55.66,https://swissvotes.ch/vote/115.00,1931,AHV law
117,49.89,Gesetz über die Besteuerung des Tabaks,,92.31,https://swissvotes.ch/vote/116.00,1931,Tobacco Taxation Act
118,44.89,Gesetz zur Herabsetzung der Löhne des Bundespersonals,,63.59,https://swissvotes.ch/vote/117.00,1933,Law to reduce the wages of federal personnel
119,46.19,Gesetz über den Schutz der öffentlichen Ordnung,,66.44,https://swissvotes.ch/vote/118.00,1934,Law on the Protection of Public Order
120,54.16,Neuordnung der militärischen Ausbildung,,63.59,https://swissvotes.ch/vote/119.00,1935,Reorganization of military training
121,32.35,Verkehrsteilungsgesetz,,26.94,https://swissvotes.ch/vote/120.00,1935,Traffic sharing law
122,42.84,Initiative «zur Bekämpfung der Wirtschaftskrise»,,28.72,https://swissvotes.ch/vote/121.00,1935,Initiative “to combat the economic crisis”
123,27.71,Initiative für eine Totalrevision der Bundesverfassung,,24.23,https://swissvotes.ch/vote/122.00,1935,Initiative for a total revision of the Federal Constitution
124,31.32,Initiative «für ein Verbot der Freimaurerei»,,4.14,https://swissvotes.ch/vote/123.00,1937,Initiative “for a ban on Freemasonry”
125,91.59,Anerkennung des Rätoromanischen als Nationalsprache,,87.1,https://swissvotes.ch/vote/124.00,1938,Recognition of Romansh as a national language
126,15.22,Initiative zur Beschränkung der Dringlichkeitsklausel,,0.0,https://swissvotes.ch/vote/125.00,1938,Initiative to limit the urgency clause
127,11.52,Initiative «Private Rüstungsindustrie»,,0.0,https://swissvotes.ch/vote/126.10,1938,“Private Arms Industry” Initiative
128,68.82,Gegenentwurf zur Initiative «Private Rüstungsindustrie»,,87.1,https://swissvotes.ch/vote/126.20,1938,Counter-proposal to the “Private Arms Industry” initiative
129,53.46,Schweizerisches Strafgesetzbuch,,66.85,https://swissvotes.ch/vote/127.00,1938,Swiss Criminal Code
130,72.26,Übergangsordnung des Finanzhaushalts,,87.1,https://swissvotes.ch/vote/128.00,1938,Transitional arrangement of the financial budget
131,28.92,Initiative für eine Erweiterung der Verfassungsgerichtsbarkeit,,4.14,https://swissvotes.ch/vote/129.00,1939,Initiative for an expansion of constitutional jurisdiction
132,69.06,Beschluss betreffend eine Einschränkung der Dringlichkeitsklausel,,87.1,https://swissvotes.ch/vote/130.00,1939,Decision regarding a restriction of the urgency clause
133,69.07,Bundesbeschluss zum Ausbau der Landesverteidigung und zur Bekämpfung der Arbeitslosigkeit,,87.1,https://swissvotes.ch/vote/131.00,1939,Federal resolution to expand national defense and combat unemployment
134,37.63,Dienstverhältnis und Versicherung des Bundespersonals,,68.46,https://swissvotes.ch/vote/132.00,1939,Employment and insurance of federal personnel
135,44.27,Einführung des obligatorischen militärischen Vorunterrichts,,85.44,https://swissvotes.ch/vote/133.00,1940,Introduction of compulsory preliminary military training
136,40.23,Initiative «zur Neuordnung des Alkoholwesens»,,0.0,https://swissvotes.ch/vote/134.00,1941,Initiative “to reorganize the alcohol system”
137,32.43,Initiative für die Wahl des Bundesrates durch das Volk,,25.93,https://swissvotes.ch/vote/135.00,1942,Initiative for the election of the Federal Council by the people
138,34.95,Initiative «für die Reorganisation des Nationalrates»,,7.07,https://swissvotes.ch/vote/136.00,1942,Initiative “for the reorganization of the National Council”
139,52.92,Gesetz über den unlauteren Wettbewerb,,62.67,https://swissvotes.ch/vote/137.00,1944,Unfair Competition Law
140,56.71,Gesetz über die Bundesbahnen,,88.98,https://swissvotes.ch/vote/138.00,1945,Federal Railways Act
141,76.31,Gegenentwurf zur Volksinitiative «Für die Familie»,,83.46,https://swissvotes.ch/vote/139.00,1945,Counter-proposal to the popular initiative “For the Family”
142,33.65,Bundesbeschluss für eine Gütertransportordnung,,51.07,https://swissvotes.ch/vote/140.00,1946,Federal resolution for freight transport regulations
143,19.19,Initiative «Recht auf Arbeit»,,5.52,https://swissvotes.ch/vote/141.00,1946,“Right to Work” initiative
144,31.19,Initiative «Wirtschaftsreform und Rechte der Arbeit»,,28.6,https://swissvotes.ch/vote/142.00,1947,“Economic reform and labor rights” initiative
145,52.97,Revision der Wirtschaftsartikel,,87.1,https://swissvotes.ch/vote/143.00,1947,Revision of the economic articles
146,80.0,Gesetz über die AHV,,88.98,https://swissvotes.ch/vote/144.00,1947,AHV law
147,36.16,Ordnung der Zuckerwirtschaft,,33.24,https://swissvotes.ch/vote/145.00,1948,Order of the sugar industry
148,38.51,Nationalbank-Artikel,,82.4,https://swissvotes.ch/vote/146.00,1949,National Bank article
149,24.85,Gesetz zur Bekämpfung der Tuberkulose,,26.2,https://swissvotes.ch/vote/147.00,1949,Law to combat tuberculosis
150,50.74,Initiative «für die Rückkehr zur direkten Demokratie»,,4.42,https://swissvotes.ch/vote/148.00,1949,Initiative “for a return to direct democracy”
151,55.28,Gesetz über das Dienstverhältnis der Bundesbeamten,,95.13,https://swissvotes.ch/vote/149.00,1949,Law on the employment relationship of federal civil servants
152,46.29,Massnahmen zur Förderung der Wohnbautätigkeit,,59.44,https://swissvotes.ch/vote/150.00,1950,Measures to promote residential construction activity
153,35.51,Neuordnung des Finanzhaushalts,,56.2,https://swissvotes.ch/vote/151.00,1950,Reorganization of the financial budget
154,27.01,Initiative zur «Verhinderung der Spekulation»,,31.34,https://swissvotes.ch/vote/152.00,1950,Initiative to “prevent speculation”
155,67.33,Beschluss über die Mitgliederzahl des Nationalrates,,86.82,https://swissvotes.ch/vote/153.00,1950,Decision on the number of members of the National Council
156,69.46,Finanzordnung 1951 bis 1954,,83.35,https://swissvotes.ch/vote/154.00,1950,Financial regulations 1951 to 1954
157,44.32,Autotransportordnung,,83.35,https://swissvotes.ch/vote/155.00,1951,Car transport regulations
158,12.45,Freigeld-Initiative,,0.0,https://swissvotes.ch/vote/156.10,1951,Free money initiative
159,68.99,Gegenentwurf zur «Freigeldinitiative»,,22.96,https://swissvotes.ch/vote/156.20,1951,Counter-proposal to the “free money initiative”
160,32.65,Initiative für einen Beitrag der öffentlichen Unternehmungen an die Kosten der Landesverteidigung,,0.0,https://swissvotes.ch/vote/157.00,1951,Initiative for a contribution from public companies to the costs of national defense
161,46.08,Verlängerung der Bewilligungspflicht für Gasthöfe,,59.09,https://swissvotes.ch/vote/158.00,1952,Extension of the permit requirement for inns
162,54.05,Landwirtschaftsgesetz,,85.07,https://swissvotes.ch/vote/159.00,1952,Agriculture Act
163,18.97,Warenumsatzsteuer-Initiative,,2.67,https://swissvotes.ch/vote/160.00,1952,Goods sales tax initiative
164,43.74,Initiative «zur Rüstungsfinanzierung und zum Schutze der sozialen Errungenschaften»,,31.09,https://swissvotes.ch/vote/161.00,1952,Initiative “to finance armaments and protect social achievements”
165,42.02,Bundesbeschluss über die Deckung der Rüstungsausgaben,,90.18,https://swissvotes.ch/vote/162.00,1952,Federal resolution on covering defense spending
166,67.99,Tabakzölle und Tabakkontingentierung,,63.75,https://swissvotes.ch/vote/163.00,1952,Tobacco tariffs and tobacco quotas
167,15.49,Bundesbeschluss über den Einbau von Luftschutzräumen,,64.19,https://swissvotes.ch/vote/164.00,1952,Federal decree on the installation of air raid shelters
168,62.81,Befristete Weiterführung der Preiskontrolle,,62.54,https://swissvotes.ch/vote/165.00,1952,Temporary continuation of price controls
169,75.63,Beschluss zur Brotgetreideversorgung des Landes,,87.65,https://swissvotes.ch/vote/166.00,1952,Decision on the country's bread grain supply
170,36.46,Postverkehrsgesetz,,59.09,https://swissvotes.ch/vote/167.00,1953,Postal Transport Act
171,42.04,Neuordnung des Finanzhaushalts,,91.17,https://swissvotes.ch/vote/168.00,1953,Reorganization of the financial budget
172,81.32,Verfassungsartikel über den Schutz der Gewässer ,,91.17,https://swissvotes.ch/vote/169.00,1953,Constitutional article on the protection of waters
173,33.05,Bundesbeschluss über Fähigkeitsausweise,,61.67,https://swissvotes.ch/vote/170.00,1954,Federal decree on qualification certificates
174,44.05,Hilfe an kriegsgeschädigte Auslandschweizer,,85.07,https://swissvotes.ch/vote/171.00,1954,Help for Swiss citizens abroad affected by the war
175,69.99,Finanzordnung 1955 bis 1958,,90.18,https://swissvotes.ch/vote/172.00,1954,Financial regulations 1955 to 1958
176,31.24,Initiative zum Schutz der Stromlandschaft Rheinau,,2.67,https://swissvotes.ch/vote/173.00,1954,Initiative to protect the Rheinau river landscape
177,50.24,Mieter- und Konsumentenschutzinitiative,,25.99,https://swissvotes.ch/vote/174.10,1955,Tenant and consumer protection initiative
178,40.68,Gegenentwurf zur Mieter- und Konsumentenschutzinitiative,,32.67,https://swissvotes.ch/vote/174.20,1955,Counter-proposal to the tenant and consumer protection initiative
179,77.54,Befristete Weiterführung einer beschränkten Preiskontrolle,,94.35,https://swissvotes.ch/vote/175.00,1956,Temporary continuation of limited price controls
180,36.92,Initiative zur Erweiterung der Volksrechte bei Wasserrechtskonzessionen,,1.08,https://swissvotes.ch/vote/176.00,1956,Initiative to expand people's rights in water rights concessions
181,42.46,Gewährung einer Hilfe an die Holzverzuckerungs-AG Graubünden,,64.83,https://swissvotes.ch/vote/177.00,1956,Granting aid to the Holzverzuckerungs-AG Graubünden
182,38.75,Revision der Brotgetreideordnung ,,60.77,https://swissvotes.ch/vote/178.00,1956,Revision of the bread grain regulations
183,45.52,Beschluss betreffend Ausgabenbeschlüsse der Bundesversammlung,,54.17,https://swissvotes.ch/vote/179.00,1956,Resolution regarding spending decisions of the Federal Assembly
184,48.09,Zivilschutzartikel,,85.56,https://swissvotes.ch/vote/180.00,1957,Civil defense articles
185,42.76,Verfassungsartikel betreffend Rundspruch und Fernsehen,,67.74,https://swissvotes.ch/vote/181.00,1957,Constitutional articles regarding broadcasts and television
186,77.33,Verfassungsartikel zu Atomenergie und Strahlenschutz,,94.35,https://swissvotes.ch/vote/182.00,1957,Constitutional articles on nuclear energy and radiation protection
187,62.67,Beschluss zur Brotgetreideversorgung des Landes,,88.87,https://swissvotes.ch/vote/183.00,1957,Decision on the country's bread grain supply
188,25.89,Initiative «gegen den Missbrauch wirtschaftlicher Macht»,,8.04,https://swissvotes.ch/vote/184.00,1958,Initiative “against the abuse of economic power”
189,54.58,Neuordnung des Finanzhaushalts,,64.02,https://swissvotes.ch/vote/185.00,1958,Reorganization of the financial budget
190,61.26,Verfassungsartikel zum Filmwesen,,88.87,https://swissvotes.ch/vote/186.00,1958,Constitutional article on film
191,84.96,Bundesbeschluss über die Verbesserung des Strassennetzes,,94.35,https://swissvotes.ch/vote/187.00,1958,Federal resolution on improving the road network
192,34.99,Initiative «zur Einführung der 44-Stunden-Woche»,,8.04,https://swissvotes.ch/vote/188.00,1958,Initiative “to introduce the 44-hour week”
193,59.89,Erhöhung des Höchsteinsatzes bei Kursaalspielen,,85.56,https://swissvotes.ch/vote/189.00,1958,Increasing the maximum stake for Kursaal games
194,75.18,Abkommen mit Italien zur Wasserkraft des Spöl,,86.65,https://swissvotes.ch/vote/190.00,1958,Agreement with Italy on the hydropower of the Spöl
195,33.08,Einführung des Frauenstimmrechts,,35.06,https://swissvotes.ch/vote/191.00,1959,Introduction of women's suffrage
196,62.26,Zivilschutzartikel,,91.04,https://swissvotes.ch/vote/192.00,1959,Civil defense articles
197,77.54,Weiterführung befristeter Preiskontrollmassnahmen,,91.87,https://swissvotes.ch/vote/193.00,1960,Continuation of temporary price control measures
198,56.34,Massnahmen für die Milchwirtschaft,,86.37,https://swissvotes.ch/vote/194.00,1960,Measures for the dairy industry
199,71.43,Artikel betreffend Leitungsanlagen für Treibstoffe,,92.77,https://swissvotes.ch/vote/195.00,1961,Articles relating to fuel pipeline systems
200,46.55,Treibstoffzoll zur Finanzierung der Nationalstrassen,,84.94,https://swissvotes.ch/vote/196.00,1961,Fuel tariff to finance national roads
201,29.44,Volksinitiative zur Einführung der Gesetzesinitiative,,31.88,https://swissvotes.ch/vote/197.00,1961,Popular initiative to introduce the legislative initiative
202,66.7,Uhrenstatut,,84.94,https://swissvotes.ch/vote/198.00,1961,Clock statute
203,34.82,Initiative «für ein Verbot der Atomwaffen»,,2.68,https://swissvotes.ch/vote/199.00,1962,Initiative “for a ban on nuclear weapons”
204,79.11,Natur- und Heimatschutz-Artikel,,92.77,https://swissvotes.ch/vote/200.00,1962,Nature and homeland protection articles
205,31.68,Gesetz über die Taggelder des Nationalrates,,80.3,https://swissvotes.ch/vote/201.00,1962,Law on daily allowances of the National Council
206,63.69,Festsetzung der Mitgliederzahl des Nationalrates,,67.12,https://swissvotes.ch/vote/202.00,1962,Determination of the number of members of the National Council
207,37.79,Initiative für ein Referendum gegen Atomwaffen,,29.06,https://swissvotes.ch/vote/203.00,1963,Initiative for a referendum against nuclear weapons
208,77.61,Weiterführung der Finanzordnung ,,85.33,https://swissvotes.ch/vote/204.00,1963,Continuation of the financial order
209,78.48,Artikel über Stipendien und Ausbildungsbeihilfen,,94.21,https://swissvotes.ch/vote/205.00,1963,Articles about scholarships and training grants
210,41.97,Erlass einer allgemeinen Steueramnestie,,34.77,https://swissvotes.ch/vote/206.00,1964,Issuance of a general tax amnesty
211,68.61,Berufsbildungsgesetz,,87.56,https://swissvotes.ch/vote/207.00,1964,Vocational Training Act
212,79.47,Weiterführung befristeter Preiskontrollmassnahmen,,94.21,https://swissvotes.ch/vote/208.00,1964,Continuation of temporary price control measures
213,57.72,Bekämpfung der Teuerung durch Massnahmen im Kreditwesen,,86.96,https://swissvotes.ch/vote/209.00,1965,Combating inflation through measures in the credit system
214,55.54,Bekämpfung der Teuerung durch Massnahmen in der Bauwirtschaft,,86.96,https://swissvotes.ch/vote/210.00,1965,Combating inflation through measures in the construction industry
215,61.99,Milchbeschluss,,85.33,https://swissvotes.ch/vote/211.00,1965,Milk decision
216,68.06,Auslandschweizer-Artikel,,85.33,https://swissvotes.ch/vote/212.00,1966,Articles about the Swiss abroad
217,23.37,Initiative «zur Bekämpfung des Alkoholismus»,,6.65,https://swissvotes.ch/vote/213.00,1966,Initiative “to combat alcoholism”
218,32.69,Initiative «gegen die Bodenspekulation»,,28.82,https://swissvotes.ch/vote/214.00,1967,Initiative “against land speculation”
219,61.85,Erlass einer allgemeinen Steueramnestie,,57.87,https://swissvotes.ch/vote/215.00,1968,Issuance of a general tax amnesty
220,48.25,Gesetz über die Tabakbesteuerung,,56.28,https://swissvotes.ch/vote/216.00,1968,Tobacco Taxation Act
221,34.48,Gesetz über die Eidgenössischen Technischen Hochschulen,,22.05,https://swissvotes.ch/vote/217.00,1969,Law on the Federal Institutes of Technology
222,55.93,Verfassungsrechtliche Ordnung des Bodenrechts,,83.73,https://swissvotes.ch/vote/218.00,1969,Constitutional order of land law
223,54.24,Bundesbeschluss über die inländische Zuckerwirtschaft,,63.09,https://swissvotes.ch/vote/219.00,1970,Federal resolution on the domestic sugar industry
224,45.99,Initiative «Gegen die Überfremdung»,,0.63,https://swissvotes.ch/vote/220.00,1970,Initiative “Against foreign infiltration”
225,74.63,Verfassungsartikel zur Förderung von Turnen und Sport,,96.31,https://swissvotes.ch/vote/221.00,1970,Constitutional article for the promotion of gymnastics and sport
226,48.92,Initiative «Recht auf Wohnung und Ausbau des Familienschutzes»,,57.53,https://swissvotes.ch/vote/222.00,1970,“Right to housing and expansion of family protection” initiative
227,55.38,Änderung der Finanzordnung,,90.45,https://swissvotes.ch/vote/223.00,1970,Change in financial regulations
228,65.73,Einführung des Frauenstimmrechts,,95.67,https://swissvotes.ch/vote/224.00,1971,Introduction of women's suffrage
229,92.7,Umweltschutzartikel,,96.31,https://swissvotes.ch/vote/225.00,1971,Environmental protection items
230,72.75,Weiterführung der Finanzordnung,,82.78,https://swissvotes.ch/vote/226.00,1971,Continuation of the financial order
231,28.95,Initiative «zur Förderung des Wohnungsbaues»,,3.2,https://swissvotes.ch/vote/227.10,1972,Initiative “to promote housing construction”
232,58.47,Gegenentwurf zur Wohnungsbau-Initiative,,46.85,https://swissvotes.ch/vote/227.20,1972,Counter-proposal to the housing initiative
233,85.4,Verfassungsartikel über den Mieterschutz und die Allgemeinverbindlicherklärung von Mietverträgen,,98.07,https://swissvotes.ch/vote/228.00,1972,Constitutional article on tenant protection and the declaration of general validity of rental agreements
234,83.35,Massnahmen zur Stabilisierung des Baumarktes,,90.44,https://swissvotes.ch/vote/229.00,1972,Measures to stabilize the construction market
235,87.73,Bundesbeschluss über den Schutz der Währung,,90.62,https://swissvotes.ch/vote/230.00,1972,Federal decree on the protection of the currency
236,49.67,Initiative für ein Waffenausfuhrverbot,,33.11,https://swissvotes.ch/vote/231.00,1972,Initiative for a ban on arms exports
237,15.63,Initiative zur Einführung einer Volkspension,,2.58,https://swissvotes.ch/vote/232.10,1972,Initiative to introduce a people's pension
238,73.95,Gegenentwurf zur Initiative zur Einführung einer Volkspension,,44.7,https://swissvotes.ch/vote/232.20,1972,Counter-proposal to the initiative to introduce a people's pension
239,72.53,Abkommen mit der EWG,,88.04,https://swissvotes.ch/vote/233.00,1972,Agreement with the EEC
240,52.75,Bildungsartikel,,88.42,https://swissvotes.ch/vote/234.00,1973,Educational articles
241,64.51,Verfassungsartikel zur wissenschaftlichen Forschung,,94.87,https://swissvotes.ch/vote/235.00,1973,Constitutional articles on scientific research
242,54.94,Aufhebung des Jesuiten- und des Klosterartikels,,88.47,https://swissvotes.ch/vote/236.00,1973,Abolition of the Jesuit and monastic articles
243,59.76,Massnahmen zur Preisüberwachung,,72.59,https://swissvotes.ch/vote/237.00,1973,Price monitoring measures
244,65.12,Massnahmen auf dem Gebiet des Kreditwesens,,95.49,https://swissvotes.ch/vote/238.00,1973,Measures in the field of credit
245,70.39,Massnahmen zur Stabilisierung des Baumarktes,,98.07,https://swissvotes.ch/vote/239.00,1973,Measures to stabilize the construction market
246,68.05,Einschränkung der steuerwirksamen Abschreibungen,,98.07,https://swissvotes.ch/vote/240.00,1973,Restriction of tax-effective depreciation
247,83.95,Tierschutzartikel ,,98.07,https://swissvotes.ch/vote/241.00,1973,Animal welfare items
248,34.19,Initiative «Gegen die Überfremdung»,,3.2,https://swissvotes.ch/vote/242.00,1974,Initiative “Against foreign infiltration”
249,44.39,Verbesserung des Bundeshaushalts,,80.41,https://swissvotes.ch/vote/243.00,1974,Improving the federal budget
250,67.01,Erschwerung von Ausgabenbeschlüssen,,60.71,https://swissvotes.ch/vote/244.00,1974,Making spending decisions more difficult
251,26.71,Initiative «für eine soziale Krankenversicherung»,,25.57,https://swissvotes.ch/vote/245.10,1974,Initiative “for social health insurance”
252,31.84,Bundesbeschluss über die soziale Krankenversicherung (Gegenentwurf),,21.8,https://swissvotes.ch/vote/245.20,1974,Federal resolution on social health insurance (counter-proposal)
253,52.77,Konjunkturartikel,,85.85,https://swissvotes.ch/vote/246.00,1975,Economic article
254,85.52,Bundesbeschluss über den Schutz der Währung,,98.07,https://swissvotes.ch/vote/247.00,1975,Federal decree on the protection of the currency
255,53.46,Bundesbeschluss über die Finanzierung der Nationalstrassen,,80.41,https://swissvotes.ch/vote/248.00,1975,Federal resolution on the financing of national roads
256,48.23,Änderung des Generalzolltarifs,,57.51,https://swissvotes.ch/vote/249.00,1975,Change in the general customs tariff
257,55.96,Bundesbeschluss zur Erhöhung der Steuereinnahmen,,80.41,https://swissvotes.ch/vote/250.00,1975,Federal decision to increase tax revenue
258,75.94,Erschwerung von Ausgabenbeschlüssen,,72.59,https://swissvotes.ch/vote/251.00,1975,Making spending decisions more difficult
259,75.62,Reform der Niederlassungsfreiheit und Unterstützungsregelung,,97.39,https://swissvotes.ch/vote/252.00,1975,Reform of freedom of establishment and support scheme
260,77.52,Verfassungsbestimmungen zur Wasserwirtschaft,,97.39,https://swissvotes.ch/vote/253.00,1975,Constitutional provisions on water management
261,52.02,Gesetz über die Ein- und Ausfuhr von Landwirtschaftserzeugnissen,,63.09,https://swissvotes.ch/vote/254.00,1975,Law on the import and export of agricultural products
262,32.38,Initiative «für die Mitbestimmung der Arbeitnehmer»,,36.27,https://swissvotes.ch/vote/255.10,1976,Initiative “for employee participation”
263,29.61,Gegenentwurf zur Mitbestimmungsinitiative,,22.21,https://swissvotes.ch/vote/255.20,1976,Counter-proposal to the co-determination initiative
264,42.22,Initiative «für eine Reform des Steuerwesens»,,6.07,https://swissvotes.ch/vote/256.00,1976,Initiative “for tax reform”
265,48.9,Raumplanungsgesetz,,90.99,https://swissvotes.ch/vote/257.00,1976,Spatial Planning Act
266,43.55,Darlehen an die Internationale Entwicklungsorganisation,,90.96,https://swissvotes.ch/vote/258.00,1976,Loan to the International Development Organization
267,68.27,Neukonzeption der Arbeitslosenversicherung,,94.43,https://swissvotes.ch/vote/259.00,1976,Redesign of unemployment insurance
268,43.29,Radio- und Fernsehartikel,,63.09,https://swissvotes.ch/vote/260.00,1976,Radio and television articles
269,24.3,Initiative für eine Haftpflichtversicherung für Motorfahrzeuge und Fahrräder,,28.24,https://swissvotes.ch/vote/261.00,1976,Initiative for liability insurance for motor vehicles and bicycles
270,70.35,Bundesbeschluss über die Geld- und Kreditpolitik,,96.4,https://swissvotes.ch/vote/262.00,1976,Federal resolution on monetary and credit policy
271,82.02,Bundesbeschluss über die Preisüberwachung,,91.99,https://swissvotes.ch/vote/263.00,1976,Federal decision on price monitoring
272,21.96,Initiative «für die Einführung der 40-Stunden-Woche»,,28.24,https://swissvotes.ch/vote/264.00,1976,Initiative “for the introduction of the 40-hour week”
273,29.54,Vierte «Überfremdungsinitiative»,,5.44,https://swissvotes.ch/vote/265.00,1977,Fourth “Foreign Infiltration Initiative”
274,33.76,Initiative «für eine Beschränkung der Einbürgerungen»,,5.44,https://swissvotes.ch/vote/266.00,1977,Initiative “for a restriction on naturalizations”
275,21.88,Initiative zur Neuordnung des Staatsvertragsreferendums,,5.44,https://swissvotes.ch/vote/267.10,1977,Initiative to reorganize the state treaty referendum
276,61.02,Neuordnung des Staatsvertragsreferendums (Gegenentwurf),,47.08,https://swissvotes.ch/vote/267.20,1977,Reorganization of the state treaty referendum (counter-proposal)
277,40.52,Neuordnung der Umsatzsteuer und der direkten Bundessteuer,,82.52,https://swissvotes.ch/vote/268.00,1977,Reorganization of sales tax and direct federal tax
278,61.32,Bundesbeschluss über die Steuerharmonisierung,,89.96,https://swissvotes.ch/vote/269.00,1977,Federal resolution on tax harmonization
279,42.24,Mieterschutzinitiative,,30.71,https://swissvotes.ch/vote/270.10,1977,Tenant protection initiative
280,41.22,Gegenentwurf zur Mieterschutzinitiative,,22.21,https://swissvotes.ch/vote/270.20,1977,Counter-proposal to the tenant protection initiative
281,39.03,Initiative «gegen die Luftverschmutzung durch Motorfahrzeuge»,,41.71,https://swissvotes.ch/vote/271.00,1977,Initiative “against air pollution from motor vehicles”
282,57.85,Erhöhung der Unterschriftenzahl für das Referendum,,55.2,https://swissvotes.ch/vote/272.00,1977,Increasing the number of signatures for the referendum
283,56.71,Erhöhung der Unterschriftenzahl für die Verfassungsinitiative,,55.2,https://swissvotes.ch/vote/273.00,1977,Increasing the number of signatures for the constitutional initiative
284,48.3,Initiative «für die Fristenlösung»,,58.96,https://swissvotes.ch/vote/274.00,1977,Initiative “for the deadline solution”
285,44.36,«Reichtumssteuer-Initiative»,,28.24,https://swissvotes.ch/vote/275.00,1977,“Wealth Tax Initiative”
286,59.43,Bundesgesetz über die politischen Rechte,,59.67,https://swissvotes.ch/vote/276.00,1977,Federal law on political rights
287,37.6,Einführung eines zivilen Ersatzdienstes,,29.12,https://swissvotes.ch/vote/277.00,1977,Introduction of a civilian alternative service
288,62.43,Massnahmen zum Ausgleich des Bundeshaushaltes,,69.16,https://swissvotes.ch/vote/278.00,1977,Measures to balance the federal budget
289,38.68,Initiative für mehr Mitbestimmung im Nationalstrassenbau,,14.87,https://swissvotes.ch/vote/279.00,1978,Initiative for more co-determination in national highway construction
290,65.58,9. AHV-Revision,,91.99,https://swissvotes.ch/vote/280.00,1978,9. AHV-Revision
291,20.62,Initiative zur Herabsetzung des AHV-Alters,,3.36,https://swissvotes.ch/vote/281.00,1978,Initiative to reduce the AHV age
292,68.36,Konjunkturartikel,,94.03,https://swissvotes.ch/vote/282.00,1978,Economic article
293,47.91,Zeitgesetz (Sommerzeit),,54.18,https://swissvotes.ch/vote/283.00,1978,Time law (summer time)
294,54.81,Zolltarifgesetz (Brotpreis),,63.09,https://swissvotes.ch/vote/284.00,1978,Customs tariff law (price of bread)
295,31.2,Gesetz über den Schwangerschaftsabbruch,,23.05,https://swissvotes.ch/vote/285.00,1978,Abortion law
296,43.32,Gesetz über die Hochschulförderung,,91.96,https://swissvotes.ch/vote/286.00,1978,Law on higher education funding
297,36.28,Initiative für 12 autofreie Sonntage pro Jahr,,11.5,https://swissvotes.ch/vote/287.00,1978,Initiative for 12 car-free Sundays per year
298,82.29,Bundesbeschluss über die Gründung des Kantons Jura,,91.96,https://swissvotes.ch/vote/288.00,1978,Federal resolution on the founding of the canton of Jura
299,68.5,Milchwirtschaftsbeschluss,,60.61,https://swissvotes.ch/vote/289.00,1978,Dairy farming decision
300,81.7,Tierschutzgesetz ,,96.4,https://swissvotes.ch/vote/290.00,1978,Animal Welfare Act
301,44.02,Sicherheitspolizeigesetz,,63.09,https://swissvotes.ch/vote/291.00,1978,Security Police Act
302,56.04,Berufsbildungsgesetz,,69.16,https://swissvotes.ch/vote/292.00,1978,Vocational Training Act
303,49.19,Stimm- und Wahlrecht für 18-Jährige,,89.51,https://swissvotes.ch/vote/293.00,1979,Voting and voting rights for 18 year olds
304,77.58,Bundesbeschluss über die Fuss- und Wanderwege,,94.95,https://swissvotes.ch/vote/294.00,1979,Federal decree on footpaths and hiking trails
305,40.96,Initiative «gegen Suchtmittelreklame»,,38.75,https://swissvotes.ch/vote/295.00,1979,Initiative “against drug advertising”
306,48.8,Atominitiative,,38.75,https://swissvotes.ch/vote/296.00,1979,Atominitiative
307,34.59,Neuordnung der Umsatzsteuer und der direkten Bundessteuer,,55.69,https://swissvotes.ch/vote/297.00,1979,Reorganization of sales tax and direct federal tax
308,68.86,Atomgesetz,,96.4,https://swissvotes.ch/vote/298.00,1979,Atomgesetz
309,21.1,Initiative zur «vollständigen Trennung von Kirche und Staat»,,3.78,https://swissvotes.ch/vote/299.00,1980,Initiative for “complete separation of church and state”
310,86.05,Neuordnung der Landesversorgung,,94.47,https://swissvotes.ch/vote/300.00,1980,Reorganization of the national supply
311,51.55,Gurten- und Schutzhelmobligatorium,,92.74,https://swissvotes.ch/vote/301.00,1980,Seatbelts and protective helmets are mandatory
312,67.3,Aufhebung des Kantonsanteils an den Stempelabgaben,,92.38,https://swissvotes.ch/vote/302.00,1980,Abolition of the cantonal share of stamp duties
313,71.04,Abbau des Kantonsanteils an den Alkoholeinnahmen ,,92.38,https://swissvotes.ch/vote/303.00,1980,Reduction of the canton's share of alcohol revenue
314,63.54,Revision der Brotgetreideordnung,,67.94,https://swissvotes.ch/vote/304.00,1980,Revision of the bread grain regulations
315,16.22,Initiative «für eine neue Ausländerpolitik»,,32.29,https://swissvotes.ch/vote/305.00,1981,Initiative “for a new immigration policy”
316,60.27,Artikel zur Gleichstellung von Mann und Frau,,94.21,https://swissvotes.ch/vote/306.00,1981,Article on equality between men and women
317,65.55,Konsumentenschutz-Artikel,,68.73,https://swissvotes.ch/vote/307.00,1981,Consumer protection article
318,68.95,Weiterführung der Finanzordnung,,86.36,https://swissvotes.ch/vote/308.00,1981,Continuation of the financial order
319,63.71,Revision des Strafgesetzes (Gewaltverbrechen),,68.2,https://swissvotes.ch/vote/309.00,1982,Revision of the criminal law (violent crimes)
320,49.64,Ausländergesetz,,94.21,https://swissvotes.ch/vote/310.00,1982,Aliens Act
321,56.13,Preisüberwachungs-Initiative,,35.84,https://swissvotes.ch/vote/311.10,1982,Price monitoring initiative
322,21.59,Gegenentwurf zur Preisüberwachungs-Initiative,,35.61,https://swissvotes.ch/vote/311.20,1982,Counter-proposal to the price monitoring initiative
323,52.69,Neuregelung der Treibstoffzölle,,59.7,https://swissvotes.ch/vote/312.00,1983,New regulation of fuel tariffs
324,50.92,Energieartikel,,63.24,https://swissvotes.ch/vote/313.00,1983,Energy items
325,60.81,Reform der Bürgerrechtsregelung in der Bundesverfassung,,90.01,https://swissvotes.ch/vote/314.00,1983,Reform of the civil rights regulation in the Federal Constitution
326,44.83,Bundesbeschluss über die Erleichterung gewisser Einbürgerungen,,89.5,https://swissvotes.ch/vote/315.00,1983,Federal resolution on the facilitation of certain naturalizations
327,58.7,Einführung einer Schwerverkehrsabgabe,,91.89,https://swissvotes.ch/vote/316.00,1984,Introduction of a heavy vehicle tax
328,52.98,Einführung der Autobahnvignette,,63.28,https://swissvotes.ch/vote/317.00,1984,Introduction of the motorway vignette
329,36.17,Zivildienst-Initiative,,33.93,https://swissvotes.ch/vote/318.00,1984,Community service initiative
330,26.96,Initiative «gegen den Missbrauch des Bankgeheimnisses und der Bankenmacht»,,30.79,https://swissvotes.ch/vote/319.00,1984,Initiative “against the abuse of banking secrecy and banking power”
331,48.92,Initiative «Gegen den Ausverkauf der Heimat»,,34.65,https://swissvotes.ch/vote/320.00,1984,Initiative “Against the Selling Out of the Homeland”
332,45.03,Initiative «für eine Zukunft ohne weitere Atomkraftwerke»,,34.79,https://swissvotes.ch/vote/321.00,1984,Initiative “for a future without more nuclear power plants”
333,45.77,Initiative «für eine umweltgerechte Energieversorgung»,,36.87,https://swissvotes.ch/vote/322.00,1984,Initiative “for an environmentally friendly energy supply”
334,15.78,Initiative «für einen wirksamen Schutz der Mutterschaft»,,25.96,https://swissvotes.ch/vote/323.00,1984,Initiative “for effective protection of maternity”
335,68.74,Radio- und Fernsehartikel,,95.23,https://swissvotes.ch/vote/324.00,1984,Radio and television articles
336,82.09,Bundesbeschluss über die Entschädigung der Opfer von Gewaltverbrechen,,95.23,https://swissvotes.ch/vote/325.00,1984,Federal resolution on compensation for victims of violent crimes
337,58.47,Aufhebung der Bundesbeiträge für den Primarschulunterricht,,90.22,https://swissvotes.ch/vote/326.00,1985,Abolition of federal contributions for primary school teaching
338,52.99,Aufhebung der Beitragspflicht des Bundes im Gesundheitswesen,,90.22,https://swissvotes.ch/vote/327.00,1985,Abolition of the federal contribution obligation in the health care system
339,47.63,Bundesbeschluss über die Ausbildungsbeiträge,,58.36,https://swissvotes.ch/vote/328.00,1985,Federal decision on training contributions
340,34.78,Ferien-Initiative,,25.96,https://swissvotes.ch/vote/329.00,1985,Holiday initiative
341,30.96,Initiative «Recht auf Leben»,,26.15,https://swissvotes.ch/vote/330.00,1985,“Right to Life” initiative
342,66.52,Aufhebung des Kantonsanteils an den Stempelabgaben,,89.31,https://swissvotes.ch/vote/331.00,1985,Abolition of the cantonal share of stamp duties
343,72.31,Neuverteilung der Erträge aus der Alkoholabgabe,,89.31,https://swissvotes.ch/vote/332.00,1985,Redistribution of alcohol tax revenues
344,57.04,Aufhebung der Unterstützung für die Selbstversorgung mit Brotgetreide,,75.29,https://swissvotes.ch/vote/333.00,1985,Elimination of support for bread grain self-sufficiency
345,58.85,Bundesbeschluss zur Koordination des Schuljahresbeginns,,78.42,https://swissvotes.ch/vote/334.00,1985,Federal resolution to coordinate the start of the school year
346,43.11,Bundesbeschluss über die Innovationsrisikogarantie,,49.84,https://swissvotes.ch/vote/335.00,1985,Federal resolution on the innovation risk guarantee
347,54.72,Neues Ehe- und Erbrecht,,88.57,https://swissvotes.ch/vote/336.00,1985,New marriage and inheritance law
348,29.47,Initiative «für die Abschaffung der Vivisektion»,,11.57,https://swissvotes.ch/vote/337.00,1985,Initiative “for the abolition of vivisection”
349,24.33,UNO-Beitritt,,75.4,https://swissvotes.ch/vote/338.00,1986,UN accession
350,16.66,Kulturinitiative,,31.85,https://swissvotes.ch/vote/339.10,1986,Cultural initiative
351,39.3,Gegenentwurf zur Kulturinitiative,,56.72,https://swissvotes.ch/vote/339.20,1986,Counter-proposal to the cultural initiative
352,18.38,Initiative zur Berufsbildung und Umschulung,,25.96,https://swissvotes.ch/vote/340.00,1986,Vocational training and retraining initiative
353,38.16,Bundesbeschluss über die Zuckerwirtschaft,,60.45,https://swissvotes.ch/vote/341.00,1986,Federal resolution on the sugar industry
354,64.37,Bundesbeschluss zum Mieterschutz,,91.89,https://swissvotes.ch/vote/342.00,1986,Federal decree on tenant protection
355,33.87,Initiative für eine Schwerverkehrsabgabe,,36.87,https://swissvotes.ch/vote/343.00,1986,Initiative for a heavy vehicle tax
356,67.34,Asylgesetz,,61.3,https://swissvotes.ch/vote/344.00,1987,Asylum Act
357,65.71,Ausländergesetz,,63.38,https://swissvotes.ch/vote/345.00,1987,Aliens Act
358,40.56,Initiative für die Einführung eines Rüstungsreferendums,,27.85,https://swissvotes.ch/vote/346.00,1987,Initiative for the introduction of an arms referendum
359,63.27,Abstimmungsverfahren bei Volksinitiativen mit Gegenentwurf,,57.61,https://swissvotes.ch/vote/347.00,1987,Voting procedure for popular initiatives with counterproposals
360,56.99,Bahn 2000,,87.71,https://swissvotes.ch/vote/348.00,1987,Bahn 2000
361,28.72,Krankenversicherungsgesetz,,84.99,https://swissvotes.ch/vote/349.00,1987,Health Insurance Act
362,57.76,Initiative «zum Schutz der Moore - Rothenthurm-Initiative»,,29.53,https://swissvotes.ch/vote/350.00,1987,Initiative “to protect the moors - Rothenthurm Initiative”
363,45.51,Verfassungsgrundlagen für eine koordinierte Verkehrspolitik,,53.58,https://swissvotes.ch/vote/351.00,1988,Constitutional foundations for a coordinated transport policy
364,35.12,Initiative zur Herabsetzung des AHV-Rentenalters,,20.48,https://swissvotes.ch/vote/352.00,1988,Initiative to reduce the AHV retirement age
365,30.78,«Stadt-Land-Initiative gegen die Bodenspekulation»,,29.53,https://swissvotes.ch/vote/353.00,1988,“Urban-rural initiative against land speculation”
366,34.27,Initiative «zur Herabsetzung der Arbeitszeit»,,25.36,https://swissvotes.ch/vote/354.00,1988,Initiative “to reduce working hours”
367,32.7,Initiative «für die Begrenzung der Einwanderung»,,3.46,https://swissvotes.ch/vote/355.00,1988,Initiative “to limit immigration”
368,48.95,Kleinbauern-Initiative,,29.82,https://swissvotes.ch/vote/356.00,1989,Smallholder initiative
369,35.59,Initiative für eine Schweiz ohne Armee,,2.06,https://swissvotes.ch/vote/357.00,1989,Initiative for a Switzerland without an army
370,38.02,Initiative «pro Tempo 130/100»,,5.32,https://swissvotes.ch/vote/358.00,1989,Initiative «pro Tempo 130/100»
371,28.51,Initiative «für eine Begrenzung des Strassenbaus»,,31.26,https://swissvotes.ch/vote/359.00,1990,Initiative “to limit road construction”
372,32.72,Initiative «für eine autobahnfreie Landschaft zwischen Murten und Yverdon»,,33.99,https://swissvotes.ch/vote/360.00,1990,Initiative “for a highway-free landscape between Murten and Yverdon”
373,31.37,Initiative «für ein autobahnfreies Knonauer Amt»,,33.99,https://swissvotes.ch/vote/361.00,1990,Initiative “for a highway-free Knonauer Amt”
374,34.04,Initiative für eine freie Aarelandschaft zwischen Biel und Solothurn,,33.99,https://swissvotes.ch/vote/362.00,1990,Initiative for a free Aare landscape between Biel and Solothurn
375,46.66,Rebbaubeschluss,,37.59,https://swissvotes.ch/vote/363.00,1990,Vineyard decision
376,47.36,Gesetz über die Organisation der Bundesrechtspflege,,58.86,https://swissvotes.ch/vote/364.00,1990,Law on the organization of the federal judiciary
377,47.13,Initiative für einen Ausstieg aus der Atomenergie,,33.99,https://swissvotes.ch/vote/365.00,1990,Initiative for an exit from nuclear energy
378,54.52,Initiative «Stopp dem Atomkraftwerkbau (Moratorium)»,,33.99,https://swissvotes.ch/vote/366.00,1990,“Stop the construction of nuclear power plants (moratorium)” initiative
379,71.1,Energieartikel,,77.43,https://swissvotes.ch/vote/367.00,1990,Energy items
380,52.8,Strassenverkehrsgesetz,,59.78,https://swissvotes.ch/vote/368.00,1990,Road Traffic Act
381,72.75,Herabsetzung des Stimmrechtsalters auf 18 Jahre,,91.59,https://swissvotes.ch/vote/369.00,1991,Lowering the voting age to 18 years
382,37.14,Initiative «zur Förderung des öffentlichen Verkehrs»,,32.73,https://swissvotes.ch/vote/370.00,1991,Initiative “to promote public transport”
383,45.65,Neuordnung der Bundesfinanzen (Einführung Mehrwertsteuer),,78.98,https://swissvotes.ch/vote/371.00,1991,Reorganization of federal finances (introduction of VAT)
384,55.68,Militärstrafgesetz,,59.1,https://swissvotes.ch/vote/372.00,1991,Military Penal Code
385,39.27,«Krankenkassen-Initiative»,,19.27,https://swissvotes.ch/vote/373.00,1992,“Health insurance initiative”
386,43.63,Initiative «Weg vom Tierversuch!»,,33.45,https://swissvotes.ch/vote/374.00,1992,Initiative “Away from animal testing!”
387,55.84,Beitritt zu den Institutionen von Bretton Woods,,58.65,https://swissvotes.ch/vote/375.00,1992,Joining the Bretton Woods institutions
388,56.42,Gesetz über die Mitwirkung an den Institutionen von Bretton Woods,,58.65,https://swissvotes.ch/vote/376.00,1992,Law on Participation in the Bretton Woods Institutions
389,66.08,Gewässerschutzgesetz,,64.35,https://swissvotes.ch/vote/377.00,1992,Water Protection Act
390,37.06,Gewässerschutz-Initiative,,33.45,https://swissvotes.ch/vote/378.00,1992,Water protection initiative
391,73.83,Regelung der Fortpflanzungs- und Gentechnologie,,80.95,https://swissvotes.ch/vote/379.00,1992,Regulation of reproductive and genetic technology
392,82.52,Einführung eines Zivildiensts,,82.34,https://swissvotes.ch/vote/380.00,1992,Introduction of community service
393,73.11,Reform des Sexualstrafrechts,,85.37,https://swissvotes.ch/vote/381.00,1992,Reform of the sexual criminal law
394,63.61,Alpentransit-Beschluss (NEAT),,78.91,https://swissvotes.ch/vote/382.00,1992,Alpine Transit Decision (NEAT)
395,58.01,Geschäftsverkehrsgesetz,,76.48,https://swissvotes.ch/vote/383.00,1992,Business Transactions Act
396,27.58,Entschädigungsgesetz,,76.48,https://swissvotes.ch/vote/384.00,1992,Compensation Act
397,30.59,Infrastrukturgesetz,,76.48,https://swissvotes.ch/vote/385.00,1992,Infrastructure Act
398,61.47,Gesetz über die Stempelabgaben,,65.1,https://swissvotes.ch/vote/386.00,1992,Stamp Duties Act
399,53.57,Gesetz über das bäuerliche Bodenrecht,,59.75,https://swissvotes.ch/vote/387.00,1992,Law on rural land law
400,49.66,EWR-Beitritt,,66.01,https://swissvotes.ch/vote/388.00,1992,EEA accession
401,54.51,Erhöhung des Treibstoffzolls,,84.21,https://swissvotes.ch/vote/389.00,1993,Increase in fuel tariff
402,72.46,Aufhebung des Spielbankenverbots,,63.21,https://swissvotes.ch/vote/390.00,1993,Lifting of the ban on casinos
403,27.77,Initiative «zur Abschaffung der Tierversuche»,,6.07,https://swissvotes.ch/vote/391.00,1993,Initiative “to abolish animal testing”
404,44.71,Initiative «40 Waffenplätze sind genug»,,28.17,https://swissvotes.ch/vote/392.00,1993,“40 weapons slots are enough” initiative
405,42.81,Initiative «für eine Schweiz ohne neue Kampfflugzeuge»,,29.55,https://swissvotes.ch/vote/393.00,1993,Initiative “for a Switzerland without new combat aircraft”
406,86.27,Bundesbeschluss gegen den Waffenmissbrauch,,88.38,https://swissvotes.ch/vote/394.00,1993,Federal decree against the misuse of weapons
407,75.16,Kantonswechsel des Laufentals zu Basel-Landschaft,,85.37,https://swissvotes.ch/vote/395.00,1993,Change of canton from Laufental to Basel-Landschaft
408,83.77,1.-August-Initiative,,85.72,https://swissvotes.ch/vote/396.00,1993,1.-August-Initiative
409,80.55,Befristete Massnahmen in der Krankenversicherung,,92.67,https://swissvotes.ch/vote/397.00,1993,Temporary measures in health insurance
410,70.4,Massnahmen in der Arbeitslosenversicherung,,74.18,https://swissvotes.ch/vote/398.00,1993,Unemployment insurance measures
411,66.66,Einführung der Mehrwertsteuer,,78.14,https://swissvotes.ch/vote/399.00,1993,Introduction of VAT
412,57.72,"Mehrwertsteuer-Satz 6,5%",,80.18,https://swissvotes.ch/vote/400.00,1993,VAT rate 6.5%
413,62.59,Mehrwertsteuerprozent für die AHV,,80.18,https://swissvotes.ch/vote/401.00,1993,VAT percentage for the AHV
414,60.65,Bundesbeschluss über besondere Verbrauchssteuern,,84.21,https://swissvotes.ch/vote/402.00,1993,Federal decree on special consumption taxes
415,25.26,Initiative «zur Verminderung der Alkoholprobleme»,,34.45,https://swissvotes.ch/vote/403.00,1993,Initiative “to reduce alcohol problems”
416,25.52,Initiative «zur Verminderung der Tabakprobleme»,,34.45,https://swissvotes.ch/vote/404.00,1993,Initiative “to reduce tobacco problems”
417,68.48,Weiterführung Autobahnvignette,,85.34,https://swissvotes.ch/vote/405.00,1994,Continuation of the motorway vignette
418,72.23,Weiterführung der Schwerverkehrsabgabe,,84.34,https://swissvotes.ch/vote/406.00,1994,Continuation of the heavy vehicle tax
419,67.14,Einführung einer leistungsabhängigen Schwerverkehrsabgabe,,73.44,https://swissvotes.ch/vote/407.00,1994,Introduction of a performance-based heavy vehicle tax
420,51.91,Alpen-Initiative,,33.45,https://swissvotes.ch/vote/408.00,1994,Alpen-Initiative
421,61.07,Luftfahrtgesetz,,60.38,https://swissvotes.ch/vote/409.00,1994,Aviation Law
422,50.98,Kulturförderungsartikel,,69.05,https://swissvotes.ch/vote/410.00,1994,Cultural promotion articles
423,52.84,Erleichterte Einbürgerung für junge Ausländer,,84.99,https://swissvotes.ch/vote/411.00,1994,Easier naturalization for young foreigners
424,42.77,UNO-Blauhelme,,71.31,https://swissvotes.ch/vote/412.00,1994,UN blue helmets
425,64.59,Aufhebung der Brotgetreideverbilligung,,86.45,https://swissvotes.ch/vote/413.00,1994,Abolition of the bread grain price reduction
426,54.65,Verbot der Rassendiskriminierung,,83.99,https://swissvotes.ch/vote/414.00,1994,Prohibition of racial discrimination
427,51.8,Krankenversicherungsgesetz,,71.31,https://swissvotes.ch/vote/415.00,1994,Health Insurance Act
428,23.45,Initiative «für eine gesunde Krankenversicherung»,,19.27,https://swissvotes.ch/vote/416.00,1994,Initiative “for healthy health insurance”
429,72.91,Zwangsmassnahmen im Ausländerrecht,,69.49,https://swissvotes.ch/vote/417.00,1994,Coercive measures in immigration law
430,49.12,Landwirtschaftsartikel,,65.28,https://swissvotes.ch/vote/418.00,1995,Agriculture items
431,36.53,Milchwirtschaftsbeschluss,,59.99,https://swissvotes.ch/vote/419.00,1995,Dairy farming decision
432,33.59,Landwirtschaftsgesetz,,54.93,https://swissvotes.ch/vote/420.00,1995,Agriculture Act
433,83.38,Ausgabenbremse,,68.1,https://swissvotes.ch/vote/421.00,1995,Spending brake
434,60.71,10. AHV-Revision,,91.67,https://swissvotes.ch/vote/422.00,1995,10. AHV-Revision
435,27.64,Initiative «zum Ausbau von AHV und IV»,,25.34,https://swissvotes.ch/vote/423.00,1995,Initiative “to expand AHV and IV”
436,46.44,Gesetz über den Erwerb von Grundstücken durch Personen im Ausland,,83.59,https://swissvotes.ch/vote/424.00,1995,Law on the acquisition of real estate by persons abroad
437,76.17,Sprachenartikel,,87.51,https://swissvotes.ch/vote/425.00,1996,Language articles
438,91.64,Übertritt Vellerat zum Kanton Jura,,91.48,https://swissvotes.ch/vote/426.00,1996,Vellerat passes to the canton of Jura
439,43.7,Zuständigkeit im Bereich der persönlichen militärischen Ausrüstung,,65.53,https://swissvotes.ch/vote/427.00,1996,Responsibility in the area of ​​personal military equipment
440,80.8,Aufhebung der Pflicht zur Übernahme von Brennapparaten und Branntwein,,94.61,https://swissvotes.ch/vote/428.00,1996,Abolition of the obligation to take over stills and brandy
441,53.95,Aufhebung der Beiträge an Bahnhofparkplätze,,71.62,https://swissvotes.ch/vote/429.00,1996,Abolition of contributions to train station parking spaces
442,77.59,Verfassungsartikel zur Landwirtschaft,,90.94,https://swissvotes.ch/vote/430.00,1996,Constitutional article on agriculture
443,39.39,Regierungs- und Verwaltungsorganisationsgesetz,,63.54,https://swissvotes.ch/vote/431.00,1996,Government and Administrative Organization Act
444,46.34,Initiative «gegen die illegale Einwanderung»,,24.24,https://swissvotes.ch/vote/432.00,1996,Initiative “against illegal immigration”
445,32.97,Arbeitsgesetz,,41.74,https://swissvotes.ch/vote/433.00,1996,Labor Law
446,25.95,Initiative «EU-Beitrittsverhandlungen vors Volk!»,,9.34,https://swissvotes.ch/vote/434.00,1997,Initiative “EU accession negotiations before the people!”
447,22.5,Initiative «für ein Verbot der Kriegsmaterialausfuhr»,,28.03,https://swissvotes.ch/vote/435.00,1997,Initiative “for a ban on the export of war materials”
448,82.18,Aufhebung des Pulverregals,,94.35,https://swissvotes.ch/vote/436.00,1997,Lifting the powder shelf
449,49.18,Finanzierung der Arbeitslosenversicherung,,61.62,https://swissvotes.ch/vote/437.00,1997,Financing unemployment insurance
450,29.34,Initiative «Jugend ohne Drogen»,,25.99,https://swissvotes.ch/vote/438.00,1997,“Youth without drugs” initiative
451,70.7,Haushaltsziel 2001,,66.58,https://swissvotes.ch/vote/439.00,1998,Budget target 2001
452,33.29,«Gen-Schutz-Initiative»,,34.88,https://swissvotes.ch/vote/440.00,1998,“Gene protection initiative”
453,24.59,Initiative «S.o.S. - Schweiz ohne Schnüffelpolizei»,,28.98,https://swissvotes.ch/vote/441.00,1998,Initiative «S.o.S. - Switzerland without snooping police»
454,57.2,Leistungsabhängige Schwerverkehrsabgabe (LSVA),,68.92,https://swissvotes.ch/vote/442.00,1998,Performance-related heavy vehicle charge (LSVA)
455,22.99,Kleinbauern-Initiative,,9.11,https://swissvotes.ch/vote/443.00,1998,Smallholder initiative
456,41.48,Initiative «für die 10. AHV-Revision ohne Erhöhung des Rentenalters»,,32.89,https://swissvotes.ch/vote/444.00,1998,Initiative “for the 10th AHV revision without increasing the retirement age”
457,63.5,Finanzierung des öffentlichen Verkehrs (FinöV),,72.91,https://swissvotes.ch/vote/445.00,1998,Financing public transport (FinöV)
458,79.43,Getreideartikel,,91.78,https://swissvotes.ch/vote/446.00,1998,Cereal items
459,26.01,Initiative «für eine vernünftige Drogenpolitik»,,28.03,https://swissvotes.ch/vote/447.00,1998,Initiative “for a sensible drug policy”
460,63.38,Arbeitsgesetz,,85.54,https://swissvotes.ch/vote/448.00,1998,Labor Law
461,74.67,Bundesbeschluss über die Wählbarkeit in den Bundesrat,,94.91,https://swissvotes.ch/vote/449.00,1999,Federal resolution on eligibility for election to the Federal Council
462,87.77,Verfassungsbestimmung über die Transplantationsmedizin,,90.81,https://swissvotes.ch/vote/450.00,1999,Constitutional provision on transplantation medicine
463,41.32,Wohneigentums-Initiative,,25.63,https://swissvotes.ch/vote/451.00,1999,Home ownership initiative
464,55.94,Raumplanungsgesetz,,60.77,https://swissvotes.ch/vote/452.00,1999,Spatial Planning Act
465,59.16,Neue Bundesverfassung,,87.55,https://swissvotes.ch/vote/453.00,1999,New Federal Constitution
466,70.59,Asylgesetz,,67.52,https://swissvotes.ch/vote/454.00,1999,Asylum Act
467,70.84,Massnahmen im Asyl- und Ausländerbereich,,65.73,https://swissvotes.ch/vote/455.00,1999,Measures in the area of ​​asylum and foreigners
468,54.42,Bundesbeschluss über die ärztliche Verschreibung von Heroin,,69.86,https://swissvotes.ch/vote/456.00,1999,Federal decree on the medical prescription of heroin
469,30.29,Gesetz über die Invalidenversicherung,,18.87,https://swissvotes.ch/vote/457.00,1999,Disability Insurance Act
470,38.99,Gesetz über die Mutterschaftsversicherung,,52.37,https://swissvotes.ch/vote/458.00,1999,Maternity Insurance Act
471,86.36,Justizreform,,96.06,https://swissvotes.ch/vote/459.00,2000,Judicial reform
472,30.0,Initiative «für die Beschleunigung der direkten Demokratie»,,26.13,https://swissvotes.ch/vote/460.00,2000,Initiative “to accelerate direct democracy”
473,17.97,Initiative «für eine gerechte Vertretung der Frauen in den Bundesbehörden»,,28.82,https://swissvotes.ch/vote/461.00,2000,Initiative “for fair representation of women in federal authorities”
474,28.24,Initiative «für menschenwürdige Fortpflanzung»,,3.09,https://swissvotes.ch/vote/462.00,2000,Initiative “for humane reproduction”
475,21.33,«Verkehrshalbierungs-Initiative»,,29.69,https://swissvotes.ch/vote/463.00,2000,“Traffic Halving Initiative”
476,67.19,Bilaterale Abkommen mit der EU,,91.22,https://swissvotes.ch/vote/464.00,2000,Bilateral agreements with the EU
477,31.82,Solarinitiative,,32.49,https://swissvotes.ch/vote/465.10,2000,Solarinitiative
478,46.63,Förderabgabe für erneuerbare Energien,,48.34,https://swissvotes.ch/vote/465.20,2000,Subsidy levy for renewable energies
479,34.56,Stichfrage zu Solarinitiative und Gegenentwurf,,0.0,https://swissvotes.ch/vote/465.30,2000,Key question about the solar initiative and counterproposal
480,44.51,Energielenkungsabgabe für die Umwelt,,46.5,https://swissvotes.ch/vote/466.00,2000,Energy control levy for the environment
481,36.2,Initiative «für eine Regelung der Zuwanderung»,,27.38,https://swissvotes.ch/vote/467.00,2000,Initiative “for regulation of immigration”
482,34.1,Initiative für ein konstruktives Referendum,,31.1,https://swissvotes.ch/vote/468.00,2000,Initiative for a constructive referendum
483,39.47,Initiative «für eine Flexibilisierung der AHV - gegen die Erhöhung des Rentenalters für Frauen»,,31.53,https://swissvotes.ch/vote/469.00,2000,Initiative “for a more flexible AHV - against increasing the retirement age for women”
484,46.02,Initiative «für ein flexibles Rentenalter ab 62 für Frau und Mann»,,31.53,https://swissvotes.ch/vote/470.00,2000,Initiative “for a flexible retirement age from 62 for women and men”
485,37.62,«Umverteilungsinitiative»,,30.65,https://swissvotes.ch/vote/471.00,2000,“Redistribution initiative”
486,17.89,Initiative «für tiefere Spitalkosten»,,0.88,https://swissvotes.ch/vote/472.00,2000,Initiative “for lower hospital costs”
487,66.83,Bundespersonalgesetz,,65.82,https://swissvotes.ch/vote/473.00,2000,Federal Personnel Act
488,23.15,Initiative «Ja zu Europa!»,,46.93,https://swissvotes.ch/vote/474.00,2001,“Yes to Europe!” initiative
489,30.85,Initiative «für tiefere Arzneimittelpreise»,,0.88,https://swissvotes.ch/vote/475.00,2001,Initiative “for lower drug prices”
490,20.3,Initiative «Strassen für alle» (Tempo 30),,30.65,https://swissvotes.ch/vote/476.00,2001,“Streets for All” initiative (Tempo 30)
491,50.99,Militärgesetz: Bewaffnung,,62.75,https://swissvotes.ch/vote/477.00,2001,Military Law: Armament
492,51.14,Militärgesetz: Ausbildungszusammenarbeit,,62.33,https://swissvotes.ch/vote/478.00,2001,Military Law: Training Cooperation
493,64.2,Aufhebung des Bistumsartikels,,92.01,https://swissvotes.ch/vote/479.00,2001,Repeal of the diocese article
494,84.74,Schuldenbremse,,66.78,https://swissvotes.ch/vote/480.00,2001,Debt brake
495,22.86,Initiative «Energie statt Arbeit besteuern»,,29.69,https://swissvotes.ch/vote/481.00,2001,“Tax energy instead of work” initiative
496,21.9,Initiative für eine Schweiz ohne Armee,,5.92,https://swissvotes.ch/vote/482.00,2001,Initiative for a Switzerland without an army
497,23.21,Initiative «Für einen freiwilligen zivilen Friedensdienst»,,28.82,https://swissvotes.ch/vote/483.00,2001,Initiative “For a voluntary civil peace service”
498,34.11,Initiative «für eine Kapitalgewinnsteuer»,,30.65,https://swissvotes.ch/vote/484.00,2001,Initiative “for a capital gains tax”
499,54.61,Initiative für den UNO-Beitritt,,68.68,https://swissvotes.ch/vote/485.00,2002,Initiative for UN accession
500,25.37,Initiative «für eine kürzere Arbeitszeit»,,27.86,https://swissvotes.ch/vote/486.00,2002,Initiative “for shorter working hours”
501,72.15,Fristenregelung (Schwangerschaftsabbruch),,51.0,https://swissvotes.ch/vote/487.00,2002,Deadline regulation (abortion)
502,18.25,Initiative «Für Mutter und Kind»,,2.12,https://swissvotes.ch/vote/488.00,2002,Initiative “For mother and child”
503,47.56,«Goldinitiative»,,26.13,https://swissvotes.ch/vote/489.10,2002,«Goldinitiative»
504,48.22,"Gegenentwurf «Gold für AHV, Kantone und Stiftung»",,67.67,https://swissvotes.ch/vote/489.20,2002,"Counter-proposal “Gold for AHV, cantons and foundations”"
505,48.3,Stichfrage zu Goldinitiative und Gegenentwurf,,26.13,https://swissvotes.ch/vote/489.30,2002,Key question about the gold initiative and counterproposal
506,47.42,Elektrizitätsmarktgesetz,,64.52,https://swissvotes.ch/vote/490.00,2002,Electricity Market Act
507,49.91,Initiative «gegen Asylrechtsmissbrauch»,,27.38,https://swissvotes.ch/vote/491.00,2002,Initiative “against abuse of asylum rights”
508,56.1,Arbeitslosenversicherungsgesetz,,62.69,https://swissvotes.ch/vote/492.00,2002,Unemployment Insurance Act
509,70.35,Bundesbeschluss über die Änderung der Volksrechte,,39.73,https://swissvotes.ch/vote/493.00,2003,Federal resolution on changing people's rights
510,77.36,Gesetz über die kantonalen Beiträge an Spitalbehandlungen,,92.98,https://swissvotes.ch/vote/494.00,2003,Law on cantonal contributions to hospital treatment
511,76.04,Armee XXI,,62.83,https://swissvotes.ch/vote/495.00,2003,Army XXI
512,80.56,Gesetz über den Zivilschutz,,92.39,https://swissvotes.ch/vote/496.00,2003,Civil Defense Law
513,32.73,Initiative «Ja zu fairen Mieten»,,28.82,https://swissvotes.ch/vote/497.00,2003,“Yes to fair rents” initiative
514,37.65,Initiative «Für einen autofreien Sonntag pro Jahreszeit»,,33.74,https://swissvotes.ch/vote/498.00,2003,Initiative “For one car-free Sunday per season”
515,27.09,«Gesundheitsinitiative»,,30.65,https://swissvotes.ch/vote/499.00,2003,“Health Initiative”
516,37.67,Initiative «Gleiche Rechte für Behinderte»,,30.65,https://swissvotes.ch/vote/500.00,2003,“Equal Rights for Disabled People” Initiative
517,33.71,Initiative «Strom ohne Atom»,,32.49,https://swissvotes.ch/vote/501.00,2003,“Electricity without Nuclear” initiative
518,41.6,Initiative «MoratoriumPlus»,,32.49,https://swissvotes.ch/vote/502.00,2003,Initiative «MoratoriumPlus»
519,31.61,«Lehrstellen-Initiative»,,28.4,https://swissvotes.ch/vote/503.00,2003,“Apprenticeship initiative”
520,37.2,Gegenentwurf zur Avanti-Initiative,,46.72,https://swissvotes.ch/vote/504.00,2004,Counter-proposal to the Avanti initiative
521,35.93,Änderung des Mietrechts,,61.1,https://swissvotes.ch/vote/505.00,2004,Change in tenancy law
522,56.19,Initiative für eine lebenslange Verwahrung für gefährliche Straftäter,,29.42,https://swissvotes.ch/vote/506.00,2004,Initiative for lifelong imprisonment for dangerous offenders
523,32.1,11. AHV-Revision,,62.01,https://swissvotes.ch/vote/507.00,2004,11. AHV-Revision
524,31.42,Anhebung der Mehrwertsteuer zu Gunsten von AHV und IV,,47.76,https://swissvotes.ch/vote/508.00,2004,Increase in VAT in favor of AHV and IV
525,34.12,Steuerpaket,,62.36,https://swissvotes.ch/vote/509.00,2004,Tax package
526,43.24,Erleichterte Einbürgerung von Jugendlichen der zweiten Generation,,67.99,https://swissvotes.ch/vote/510.00,2004,Easier naturalization of second-generation young people
527,48.37,Bürgerrechtserwerb für die dritte Generation,,67.99,https://swissvotes.ch/vote/511.00,2004,Acquisition of civil rights for the third generation
528,49.77,Initiative «Postdienst für alle»,,35.4,https://swissvotes.ch/vote/512.00,2004,“Postal Service for All” initiative
529,55.45,Erwerbsersatz für Dienstleistende und bei Mutterschaft,,69.25,https://swissvotes.ch/vote/513.00,2004,Earnings compensation for service workers and during maternity
530,64.37,Neugestaltung Finanzausgleich,,64.63,https://swissvotes.ch/vote/514.00,2004,Redesign of financial equalization
531,73.81,Neue Finanzordnung,,96.71,https://swissvotes.ch/vote/515.00,2004,New financial order
532,66.39,Stammzellenforschungsgesetz,,84.42,https://swissvotes.ch/vote/516.00,2004,Stem Cell Research Act
533,54.63,Abkommen zu Schengen und Dublin,,67.29,https://swissvotes.ch/vote/517.00,2005,Schengen and Dublin Agreements
534,58.04,Gesetz über die eingetragene Partnerschaft gleichgeschlechtlicher Paare,,65.71,https://swissvotes.ch/vote/518.00,2005,Law on registered partnerships for same-sex couples
535,55.98,Ausdehnung der Personenfreizügigkeit auf die neuen EU-Staaten,,67.99,https://swissvotes.ch/vote/519.00,2005,Extension of the free movement of people to the new EU states
536,55.67,Initiative «für Lebensmittel aus gentechnikfreier Landwirtschaft»,,36.31,https://swissvotes.ch/vote/520.00,2005,Initiative “for food from GMO-free agriculture”
537,50.56,Arbeitsgesetz (Sonntagsarbeit),,61.1,https://swissvotes.ch/vote/521.00,2005,Labor law (Sunday work)
538,85.58,Neuordnung der Verfassungsbestimmungen zur Bildung,,95.4,https://swissvotes.ch/vote/522.00,2006,Reorganization of the constitutional provisions on education
539,41.74,Initiative «Nationalbankgewinne für die AHV»,,35.4,https://swissvotes.ch/vote/523.00,2006,“National Bank profits for the AHV” initiative
540,67.97,Ausländergesetz,,63.32,https://swissvotes.ch/vote/524.00,2006,Aliens Act
541,67.76,Asylgesetz,,63.32,https://swissvotes.ch/vote/525.00,2006,Asylum Act
542,53.42,Gesetz über die Zusammenarbeit mit den Staaten Osteuropas,,67.99,https://swissvotes.ch/vote/526.00,2006,Law on cooperation with the states of Eastern Europe
543,67.98,Gesetz über die Familienzulagen,,51.03,https://swissvotes.ch/vote/527.00,2006,Law on family allowances
544,28.76,Initiative für eine Einheitskrankenkasse,,32.16,https://swissvotes.ch/vote/528.00,2007,Initiative for a unified health insurance company
545,59.09,5. IV-Revision,,64.63,https://swissvotes.ch/vote/529.00,2007,5. IV-Revision
546,31.92,Initiative «Gegen Kampfjetlärm in Tourismusgebieten»,,29.8,https://swissvotes.ch/vote/530.00,2008,Initiative “Against fighter jet noise in tourist areas”
547,50.53,Unternehmenssteuerreform II,,64.5,https://swissvotes.ch/vote/531.00,2008,Corporate tax reform II
548,36.25,Initiative «Für demokratische Einbürgerungen»,,31.4,https://swissvotes.ch/vote/532.00,2008,Initiative “For Democratic Naturalizations”
549,24.8,Initiative «gegen Behördenprogaganda»,,31.4,https://swissvotes.ch/vote/533.00,2008,Initiative “against government propaganda”
550,30.52,Verfassungsartikel zur Krankenversicherung,,46.0,https://swissvotes.ch/vote/534.00,2008,Constitutional article on health insurance
551,51.87,Initiative für die Unverjährbarkeit pornografischer Straftaten an Kindern,,31.3,https://swissvotes.ch/vote/535.00,2008,Initiative for the non-statute limitation of pornographic crimes against children
552,41.38,Initiative «für ein flexibles AHV-Alter»,,33.7,https://swissvotes.ch/vote/536.00,2008,Initiative “for a flexible AHV age”
553,34.0,Verbandsbeschwerderechts-Initiative,,48.6,https://swissvotes.ch/vote/537.00,2008,Association Complaints Rights Initiative
554,36.75,Initiative «für eine vernünftige Hanf-Politik»,,47.4,https://swissvotes.ch/vote/538.00,2008,Initiative “for a sensible hemp policy”
555,68.08,Betäubungsmittelgesetz,,64.3,https://swissvotes.ch/vote/539.00,2008,Narcotics Act
556,59.61,Weiterführung der Personenfreizügigkeit SchweizEU und Ausdehnung auf Bulgarien und Rumänien,,65.5,https://swissvotes.ch/vote/540.00,2009,Continuation of the free movement of people in Switzerland and the EU and extension to Bulgaria and Romania
557,67.03,Verfassungsartikel zur Komplementärmedizin,,65.4,https://swissvotes.ch/vote/541.00,2009,Constitutional article on complementary medicine
558,50.15,Einführung des biometrischen Passes,,32.7,https://swissvotes.ch/vote/542.00,2009,Introduction of the biometric passport
559,54.56,Zusatzfinanzierung der Invalidenversicherung,,63.6,https://swissvotes.ch/vote/543.00,2009,Additional financing of disability insurance
560,67.88,Verzicht auf die Einführung der allgemeinen Volksinitiative,,94.4,https://swissvotes.ch/vote/544.00,2009,Refrain from introducing the general popular initiative
561,64.99,Spezialfinanzierung für Aufgaben im Luftverkehr,,62.5,https://swissvotes.ch/vote/545.00,2009,Special financing for tasks in aviation
562,31.77,Initiative «Für ein Verbot von Kriegsmaterial-Exporten»,,30.2,https://swissvotes.ch/vote/546.00,2009,Initiative “For a ban on exports of war material”
563,57.5,Initiative «Gegen den Bau von Minaretten»,,31.4,https://swissvotes.ch/vote/547.00,2009,Initiative “Against the construction of minarets”
564,77.21,Verfassungsartikel über die Forschung am Menschen,,54.6,https://swissvotes.ch/vote/548.00,2010,Constitutional article on research on humans
565,29.5,Tierschutzanwalt-Initiative,,33.5,https://swissvotes.ch/vote/549.00,2010,Animal Welfare Advocate Initiative
566,27.27,Berufliche Vorsorge: Anpassung des Mindestumwandlungssatzes,,64.3,https://swissvotes.ch/vote/550.00,2010,Occupational pension provision: Adjustment of the minimum conversion rate
567,53.42,Revision des Arbeitslosenversicherungsgesetzes,Revision of the Unemployment Insurance Act,62.0,https://swissvotes.ch/vote/551.00,2010,Revision of the Unemployment Insurance Act
568,52.91,Ausschaffungsinitiative,Initiative «For the expulsion of criminal foreigners (Expulsion Initiative)»,31.4,https://swissvotes.ch/vote/552.10,2010,Initiative «For the expulsion of criminal foreigners (Expulsion Initiative)»
569,45.79,Gegenentwurf zur Ausschaffungsinitiative,Counter-proposal to the Expulsion Initiative,34.1,https://swissvotes.ch/vote/552.20,2010,Counter-proposal to the Expulsion Initiative
570,49.63,Stichfrage zu Ausschaffungsinitiative und Gegenentwurf,Tie-breaker question on the Expulsion Initiative and the counter-proposal,31.4,https://swissvotes.ch/vote/552.30,2010,Tie-breaker question on the Expulsion Initiative and the counter-proposal
571,41.54,«Steuergerechtigkeits-Initiative»,Initiative «For equitable taxes»,33.1,https://swissvotes.ch/vote/553.00,2010,Initiative «For equitable taxes»
572,43.7,Initiative «Für den Schutz vor Waffengewalt»,Initiative «For the protection against gun violence»,34.0,https://swissvotes.ch/vote/554.00,2011,Initiative «For the protection against gun violence»
573,50.63,Zweitwohnungsinitiative,Initiative «Stop the unconstrained building of secondary residences»,30.2,https://swissvotes.ch/vote/555.00,2012,Initiative «Stop the unconstrained building of secondary residences»
574,44.19,Initiative «Für ein steuerlich begünstigtes Bausparen»,Initiative «For tax-privileged home savings»,60.7,https://swissvotes.ch/vote/556.00,2012,Initiative «For tax-privileged home savings»
575,33.5,Initiative «6 Wochen Ferien für alle»,Initiative «6 weeks of holidays for all»,28.5,https://swissvotes.ch/vote/557.00,2012,Initiative «6 weeks of holidays for all»
576,87.09,Regelung der Geldspiele zugunsten gemeinnütziger Zwecke,Regulation of gambling in favour of charitable purposes,94.6,https://swissvotes.ch/vote/558.00,2012,Regulation of gambling in favour of charitable purposes
577,43.92,Gesetz über die Buchpreisbindung,Book price regulation Act,44.1,https://swissvotes.ch/vote/559.00,2012,Book price regulation Act
578,31.09,Initiative «Eigene vier Wände dank Bausparen»,Initiative «Access to home ownership thanks to home savings»,43.0,https://swissvotes.ch/vote/560.00,2012,Initiative «Access to home ownership thanks to home savings»
579,24.72,Initiative «Staatsverträge vors Volk!»,Initiative «Let the people decide on international treaties»,29.0,https://swissvotes.ch/vote/561.00,2012,Initiative «Let the people decide on international treaties»
580,23.95,Gesetz über die Krankenversicherung (Managed Care),Amendment to the Health Insurance Act (health care networks),34.8,https://swissvotes.ch/vote/562.00,2012,Amendment to the Health Insurance Act (health care networks)
581,72.69,Bundesbeschluss über die Jugendmusikförderung,Federal decree on the promotion of musical training for young people,54.9,https://swissvotes.ch/vote/563.00,2012,Federal decree on the promotion of musical training for young people
582,47.39,Initiative «Sicheres Wohnen im Alter»,Initiative «Safe housing for the elderly»,27.9,https://swissvotes.ch/vote/564.00,2012,Initiative «Safe housing for the elderly»
583,34.01,Initiative «Schutz vor Passivrauchen»,Initiative «Protection against passive smoking»,30.6,https://swissvotes.ch/vote/565.00,2012,Initiative «Protection against passive smoking»
584,68.28,Tierseuchengesetz,Epizootics Act,67.6,https://swissvotes.ch/vote/566.00,2012,Epizootics Act
585,54.35,Bundesbeschluss über die Familienpolitik,Federal decree on family policy,52.5,https://swissvotes.ch/vote/567.00,2013,Federal decree on family policy
586,67.96,Initiative «gegen die Abzockerei»,Initiative «Against abusive remuneration (rip-off initiative)» ,31.8,https://swissvotes.ch/vote/568.00,2013,Initiative «Against abusive remuneration (rip-off initiative)» 
587,62.89,Raumplanungsgesetz,Spatial Planning Act,52.4,https://swissvotes.ch/vote/569.00,2013,Spatial Planning Act
588,23.66,Initiative «Volkswahl des Bundesrates»,Initiative for the election of the Federal Council by the people,28.3,https://swissvotes.ch/vote/570.00,2013,Initiative for the election of the Federal Council by the people
589,78.45,Asylgesetz,Asylum Act,68.7,https://swissvotes.ch/vote/571.00,2013,Asylum Act
590,26.79,Initiative zur Aufhebung der Wehrpflicht,Initiative for the abolition of compulsory military service,27.4,https://swissvotes.ch/vote/572.00,2013,Initiative for the abolition of compulsory military service
591,60.0,Epidemiengesetz,Epidemics Act,68.2,https://swissvotes.ch/vote/573.00,2013,Epidemics Act
592,55.79,Arbeitsgesetz (Öffnungszeiten von Tankstellenshops),Employment Act (opening hours of petrol station shops),66.0,https://swissvotes.ch/vote/574.00,2013,Employment Act (opening hours of petrol station shops)
593,34.7,Initiative «1:12  Für gerechte Löhne»,Initiative «1:12  For fair wages»,28.5,https://swissvotes.ch/vote/575.00,2013,Initiative «1:12  For fair wages»
594,41.53,«Familieninitiative»,Initiative «For families»,31.3,https://swissvotes.ch/vote/576.00,2013,Initiative «For families»
595,39.54,Änderung des Nationalstrassenabgabegesetzes (Autobahnvignette),Motorway Vignette Act,35.1,https://swissvotes.ch/vote/577.00,2013,Motorway Vignette Act
596,62.02,Finanzierung und Ausbau der Eisenbahninfrastruktur (FABI),Financing and expansion of the railway infrastructure,68.7,https://swissvotes.ch/vote/578.00,2014,Financing and expansion of the railway infrastructure
597,30.18,Initiative «Abtreibungsfinanzierung ist Privatsache»,Initiative «Financing abortion is a private matter»,29.9,https://swissvotes.ch/vote/579.00,2014,Initiative «Financing abortion is a private matter»
598,50.33,Initiative «Gegen Masseneinwanderung»,Initiative «Against mass immigration»,28.5,https://swissvotes.ch/vote/580.00,2014,Initiative «Against mass immigration»
599,88.07,Bundesbeschluss über die medizinische Grundversorgung,Federal decree on basic medical care,71.2,https://swissvotes.ch/vote/581.00,2014,Federal decree on basic medical care
600,63.53,Initiative «Pädophile sollen nicht mehr mit Kindern arbeiten dürfen»,Initiative «Pedophiles must no longer be allowed to work with children»,34.7,https://swissvotes.ch/vote/582.00,2014,Initiative «Pedophiles must no longer be allowed to work with children»
601,23.73,«Mindestlohn-Initiative»,Minimum Wage Initiative,28.5,https://swissvotes.ch/vote/583.00,2014,Minimum Wage Initiative
602,46.59,Fonds zur Beschaffung des Kampfflugzeugs Gripen,Fund for the acquisition of the Gripen fighter aircraft,62.1,https://swissvotes.ch/vote/584.00,2014,Fund for the acquisition of the Gripen fighter aircraft
603,28.48,Initiative «Schluss mit der MwSt-Diskriminierung des Gastgewerbes!»,Initiative «Stop the discriminatory VAT for the hospitality sector!»,30.2,https://swissvotes.ch/vote/585.00,2014,Initiative «Stop the discriminatory VAT for the hospitality sector!»
604,38.16,Initiative «Für eine öffentliche Krankenkasse»,Initiative «For a public health insurance»,31.5,https://swissvotes.ch/vote/586.00,2014,Initiative «For a public health insurance»
605,40.8,Initiative zur Abschaffung der Pauschalbesteuerung,Initiative for the abolition of lump-sum taxation,30.5,https://swissvotes.ch/vote/587.00,2014,Initiative for the abolition of lump-sum taxation
606,25.9,Initiative «Stopp der Überbevölkerung  zur Sicherung der natürlichen Lebensgrundlagen»,Initiative «Halt overpopulation - Preserve the natural environment»,0.2,https://swissvotes.ch/vote/588.00,2014,Initiative «Halt overpopulation - Preserve the natural environment»
607,22.72,Gold-Initiative,Gold initiative,2.7,https://swissvotes.ch/vote/589.00,2014,Gold initiative
608,24.58,Initiative für steuerfreie Kinderzulagen,Initiative for tax-free child allowances,42.6,https://swissvotes.ch/vote/590.00,2015,Initiative for tax-free child allowances
609,8.03,Initiative «Energie- statt Mehrwertsteuer»,Initiative «Replace VAT with an energy tax»,13.8,https://swissvotes.ch/vote/591.00,2015,Initiative «Replace VAT with an energy tax»
610,61.93,Verfassungsbestimmung zur Fortpflanzungsmedizin und Gentechnologie im Humanbereich,Constitutional article on reproductive medicine and genetic engineering in the human field,47.3,https://swissvotes.ch/vote/592.00,2015,Constitutional article on reproductive medicine and genetic engineering in the human field
611,27.46,Stipendieninitiative,Initiative on scholarships,30.9,https://swissvotes.ch/vote/593.00,2015,Initiative on scholarships
612,28.96,Initiative «Millionen-Erbschaften besteuern für unsere AHV»,Initiative «Taxing multi-millionaire inheritances»,30.3,https://swissvotes.ch/vote/594.00,2015,Initiative «Taxing multi-millionaire inheritances»
613,50.08,Radio- und Fernsehgesetz (Radio- und Fernsehabgabe),Radio and Television Act (radio/TV licence fee),48.0,https://swissvotes.ch/vote/595.00,2015,Radio and Television Act (radio/TV licence fee)
614,49.16,Initiative «gegen die Heiratsstrafe»,Initiative «No to the penalisation of marriage»,44.5,https://swissvotes.ch/vote/596.00,2016,Initiative «No to the penalisation of marriage»
615,41.15,«Durchsetzungsinitiative»,«Implementation initiative»,32.0,https://swissvotes.ch/vote/597.00,2016,«Implementation initiative»
616,40.07,Initiative «Keine Spekulation mit Nahrungsmitteln!»,Initiative «No speculation on food»,29.0,https://swissvotes.ch/vote/598.00,2016,Initiative «No speculation on food»
617,57.01,Sanierung Gotthard-Strassentunnel,Rehabilitation of the Gotthard road tunnel,64.0,https://swissvotes.ch/vote/599.00,2016,Rehabilitation of the Gotthard road tunnel
618,32.38,Initiative «Pro Service public»,Initiative «Pro public services»,2.2,https://swissvotes.ch/vote/600.00,2016,Initiative «Pro public services»
619,23.06,Initiative «Für ein bedingungsloses Grundeinkommen»,Initiative «For an unconditional basic income»,7.1,https://swissvotes.ch/vote/601.00,2016,Initiative «For an unconditional basic income»
620,29.22,Initiative «Für eine faire Verkehrsfinanzierung»,Initiative «For fair transport funding»,31.6,https://swissvotes.ch/vote/602.00,2016,Initiative «For fair transport funding»
621,62.42,Fortpflanzungsmedizingesetz,Reproductive Medicine Act,36.7,https://swissvotes.ch/vote/603.00,2016,Reproductive Medicine Act
622,66.78,Asylgesetz,Asylum Act,66.6,https://swissvotes.ch/vote/604.00,2016,Asylum Act
623,36.43,Initiative «Grüne Wirtschaft»,Initiative «For a Green Economy»,33.4,https://swissvotes.ch/vote/605.00,2016,Initiative «For a Green Economy»
624,40.6,Initiative «AHVplus: für eine starke AHV»,Initiative «For a decent old-age pension»,26.9,https://swissvotes.ch/vote/606.00,2016,Initiative «For a decent old-age pension»
625,65.51,Nachrichtendienstgesetz,Act on the Intelligence Service,64.6,https://swissvotes.ch/vote/607.00,2016,Act on the Intelligence Service
626,45.8,Atomausstiegsinitiative,Nuclear phase-out initiative,33.6,https://swissvotes.ch/vote/608.00,2016,Nuclear phase-out initiative
627,60.41,Erleichterte Einbürgerung der dritten Ausländergeneration,Simplified naturalisation for third-generation foreigners,65.6,https://swissvotes.ch/vote/609.00,2017,Simplified naturalisation for third-generation foreigners
628,61.95,Fonds für die Nationalstrassen und den Agglomerationsverkehr (NAF),Fund for national roads and urban traffic,68.5,https://swissvotes.ch/vote/610.00,2017,Fund for national roads and urban traffic
629,40.92,Unternehmenssteuerreform III,Corporate Tax Reform III,68.7,https://swissvotes.ch/vote/611.00,2017,Corporate Tax Reform III
630,58.22,Energiegesetz,Energy Act,65.7,https://swissvotes.ch/vote/612.00,2017,Energy Act
631,78.73,Bundesbeschluss über die Ernährungssicherheit,Decree on Food Security,95.5,https://swissvotes.ch/vote/613.00,2017,Decree on Food Security
632,49.95,Zusatzfinanzierung der AHV durch eine Erhöhung der Mehrwertsteuer,Additional funding for the old-age insurance through a VAT increase,50.5,https://swissvotes.ch/vote/614.00,2017,Additional funding for the old-age insurance through a VAT increase
633,47.31,Reform der Altersvorsorge 2020,Pension reform,49.3,https://swissvotes.ch/vote/615.00,2017,Pension reform
634,84.11,Neue Finanzordnung 2021,New financial regime,96.6,https://swissvotes.ch/vote/616.00,2018,New financial regime
635,28.44,Initiative «Abschaffung der Billag-Gebühren»,Initiative for the abolition of radio and television fees,31.6,https://swissvotes.ch/vote/617.00,2018,Initiative for the abolition of radio and television fees
636,24.28,Vollgeld-Initiative,«Sovereign Money Initiative»,1.0,https://swissvotes.ch/vote/618.00,2018,«Sovereign Money Initiative»
637,72.94,Geldspielgesetz,Gambling Act,33.3,https://swissvotes.ch/vote/619.00,2018,Gambling Act
638,73.59,Bundesbeschluss über die Velowege sowie die Fuss- und Wanderwege,Decree on cycle paths and footpaths,66.6,https://swissvotes.ch/vote/620.00,2018,Decree on cycle paths and footpaths
639,38.7,Fair-Food-Initiative,«Fair Food Initiative»,28.8,https://swissvotes.ch/vote/621.00,2018,«Fair Food Initiative»
640,31.62,Initiative «Für Ernährungssouveränität»,Initiative «For food sovereignty»,26.9,https://swissvotes.ch/vote/622.00,2018,Initiative «For food sovereignty»
641,45.27,Hornkuh-Initiative,Initiative «For the dignity of farm animals (horned cows initiative)»,33.4,https://swissvotes.ch/vote/623.00,2018,Initiative «For the dignity of farm animals (horned cows initiative)»
642,33.73,Selbstbestimmungsinitiative,Self-determination initiative,30.7,https://swissvotes.ch/vote/624.00,2018,Self-determination initiative
643,64.72,Gesetzliche Grundlage für die Überwachung von Versicherten,Legal basis for the monitoring of insured persons,62.7,https://swissvotes.ch/vote/625.00,2018,Legal basis for the monitoring of insured persons
644,36.34,Zersiedelungsinitiative,Initiative against urban sprawl,28.8,https://swissvotes.ch/vote/626.00,2019,Initiative against urban sprawl
645,66.38,Steuerreform und AHV-Finanzierung (STAF),Tax reform and funding of old-age insurance,54.0,https://swissvotes.ch/vote/627.00,2019,Tax reform and funding of old-age insurance
646,63.74,Umsetzung der EU-Waffenrichtlinie,Implementation of the EU Weapons Directive,64.5,https://swissvotes.ch/vote/628.00,2019,Implementation of the EU Weapons Directive
647,42.95,Initiative «Mehr bezahlbare Wohnungen»,Initiative «More affordable homes»,31.3,https://swissvotes.ch/vote/629.00,2020,Initiative «More affordable homes»
648,63.09,Verbot der Diskriminierung aufgrund der sexuellen Orientierung,Ban on discrimination based on sexual orientation,67.9,https://swissvotes.ch/vote/630.00,2020,Ban on discrimination based on sexual orientation
649,38.29,Begrenzungsinitiative,Initiative «For moderate immigration (Limitation Initiative)»,26.7,https://swissvotes.ch/vote/631.00,2020,Initiative «For moderate immigration (Limitation Initiative)»
650,48.07,Jagdgesetz,Hunting Act,55.5,https://swissvotes.ch/vote/632.00,2020,Hunting Act
651,36.76,Erhöhung der steuerlichen Kinderabzüge,Increase of tax deductions for children,56.6,https://swissvotes.ch/vote/633.00,2020,Increase of tax deductions for children
652,60.34,Vaterschaftsurlaub,Paternity leave,54.8,https://swissvotes.ch/vote/634.00,2020,Paternity leave
653,50.13,Beschaffung neuer Kampfflugzeuge,Procurement of new fighter aircraft,65.5,https://swissvotes.ch/vote/635.00,2020,Procurement of new fighter aircraft
654,50.73,Konzernverantwortungsinitiative,Initiative «For responsible businesses  protecting human rights and the environment»,44.6,https://swissvotes.ch/vote/636.00,2020,Initiative «For responsible businesses  protecting human rights and the environment»
655,42.55,«Kriegsgeschäfte-Initiative»,Initiative «For a ban on financing war material manufacturers»,33.1,https://swissvotes.ch/vote/637.00,2020,Initiative «For a ban on financing war material manufacturers»
656,51.19,Initiative für ein Verhüllungsverbot,Initiative for a ban on full facial coverings,27.5,https://swissvotes.ch/vote/638.00,2021,Initiative for a ban on full facial coverings
657,35.64,Gesetz über elektronische Identifizierungsdienste,Act on Electronic Identification Services (e-ID Act),56.6,https://swissvotes.ch/vote/639.00,2021,Act on Electronic Identification Services (e-ID Act)
658,51.65,Freihandelsabkommen mit Indonesien,Economic partnership agreement with Indonesia,63.3,https://swissvotes.ch/vote/640.00,2021,Economic partnership agreement with Indonesia
659,39.31,Trinkwasserinitiative,Initiative «For clean drinking water and healthy food»,40.0,https://swissvotes.ch/vote/641.00,2021,Initiative «For clean drinking water and healthy food»
660,39.44,Pestizidinitiative,Initiative «For a Switzerland without artificial pesticides»,33.2,https://swissvotes.ch/vote/642.00,2021,Initiative «For a Switzerland without artificial pesticides»
661,60.2,Covid-19-Gesetz,COVID-19 Act,69.8,https://swissvotes.ch/vote/643.00,2021,COVID-19 Act
662,48.41,CO2-Gesetz,CO2 Act,68.9,https://swissvotes.ch/vote/644.00,2021,CO2 Act
663,56.58,Gesetz über polizeiliche Massnahmen gegen Terrorismus,Act on police measures to combat terrorism,56.6,https://swissvotes.ch/vote/645.00,2021,Act on police measures to combat terrorism
664,35.12,«99%-Initiative»,"«99% Initiative» (Initiative «Reduce tax on salaries, tax capital fairly»)",33.1,https://swissvotes.ch/vote/646.00,2021,"«99% Initiative» (Initiative «Reduce tax on salaries, tax capital fairly»)"
665,64.1,Ehe für alle,Marriage for all,67.7,https://swissvotes.ch/vote/647.00,2021,Marriage for all
666,60.98,Pflegeinitiative,Nursing initiative,41.0,https://swissvotes.ch/vote/648.00,2021,Nursing initiative
667,31.92,Justizinitiative,Justice initiative,0.0,https://swissvotes.ch/vote/649.00,2021,Justice initiative
668,62.02,Änderung des Covid-19-Gesetzes (2. Revision),Amendment to the COVID-19 Act (2nd revision),69.8,https://swissvotes.ch/vote/650.00,2021,Amendment to the COVID-19 Act (2nd revision)
669,20.86,Initiative für ein Verbot von Tier- und Menschenversuchen,Initiative for a ban on animal and human experiments,0.1,https://swissvotes.ch/vote/651.00,2022,Initiative for a ban on animal and human experiments
670,56.65,Initiative «Kinder und Jugendliche ohne Tabakwerbung»,Initiative «No tobacco ads for children and young adults»,42.0,https://swissvotes.ch/vote/652.00,2022,Initiative «No tobacco ads for children and young adults»
671,37.37,Gesetz über die Stempelabgaben,Act on Stamp Duties,62.3,https://swissvotes.ch/vote/653.00,2022,Act on Stamp Duties
672,45.42,Medienpaket,Package of measures to support the media,54.7,https://swissvotes.ch/vote/654.00,2022,Package of measures to support the media
673,58.42,Änderung des Filmgesetzes,Amendment to the Film Act,54.7,https://swissvotes.ch/vote/655.00,2022,Amendment to the Film Act
674,60.2,Widerspruchsregelung bei der Organspende,Transplantation Act (principle of presumed consent in organ donation),67.7,https://swissvotes.ch/vote/656.00,2022,Transplantation Act (principle of presumed consent in organ donation)
675,71.48,Beteiligung an der europäischen Grenz- und Küstenwache Frontex,Contribution to the European border and coast guard Frontex,65.2,https://swissvotes.ch/vote/657.00,2022,Contribution to the European border and coast guard Frontex
676,37.13,Massentierhaltungsinitiative,Initiative against factory farming,37.9,https://swissvotes.ch/vote/658.00,2022,Initiative against factory farming
677,55.07,Erhöhung der Mehrwertsteuer zugunsten der AHV,VAT increase in favour of the old-age insurance,65.4,https://swissvotes.ch/vote/659.00,2022,VAT increase in favour of the old-age insurance
678,50.55,AHV-Gesetz (AHV 21),Act on the old-age insurance,65.4,https://swissvotes.ch/vote/660.00,2022,Act on the old-age insurance
679,47.99,Verrechnungssteuergesetz,Act on Withholding Tax,63.3,https://swissvotes.ch/vote/661.00,2022,Act on Withholding Tax
680,78.45,OECD-Mindeststeuer für Unternehmen,OECD minimum tax for enterprises,66.2,https://swissvotes.ch/vote/662.00,2023,OECD minimum tax for enterprises
681,59.07,Klimagesetz,Climate and Innovation Act,69.8,https://swissvotes.ch/vote/663.00,2023,Climate and Innovation Act
682,61.94,Änderung des Covid-19-Gesetzes (5. Revision),Amendment to the COVID-19 Act (5th revision),69.8,https://swissvotes.ch/vote/664.00,2023,Amendment to the COVID-19 Act (5th revision)
